Date,Open,High,Low,Close,Adj Close,Volume
2017-04-12,16.43,16.43,16.43,16.43,15.956594,600.0
2017-04-13,16.43,16.43,16.43,16.43,15.956594,596.969696969697
2017-04-17,16.43,16.43,16.43,16.43,15.956594,593.939393939394
2017-04-18,16.43,16.43,16.43,16.43,15.956594,590.9090909090909
2017-04-19,16.43,16.43,16.43,16.43,15.956594,587.8787878787879
2017-04-20,16.43,16.43,16.43,16.43,15.956594,584.8484848484849
2017-04-21,16.43,16.43,16.43,16.43,15.956594,581.8181818181819
2017-04-24,16.43,16.43,16.43,16.43,15.956594,578.7878787878788
2017-04-25,16.43,16.43,16.43,16.43,15.956594,575.7575757575758
2017-04-26,16.43,16.43,16.43,16.43,15.956594,572.7272727272727
2017-04-27,16.43,16.43,16.43,16.43,15.956594,569.6969696969697
2017-04-28,16.43,16.43,16.43,16.43,15.956594,566.6666666666666
2017-05-01,16.43,16.43,16.43,16.43,15.956594,563.6363636363636
2017-05-02,16.43,16.43,16.43,16.43,15.956594,560.6060606060606
2017-05-03,16.43,16.43,16.43,16.43,15.956594,557.5757575757576
2017-05-04,16.43,16.43,16.43,16.43,15.956594,554.5454545454545
2017-05-05,16.43,16.43,16.43,16.43,15.956594,551.5151515151515
2017-05-08,16.43,16.43,16.43,16.43,15.956594,548.4848484848485
2017-05-09,16.43,16.43,16.43,16.43,15.956594,545.4545454545455
2017-05-10,16.43,16.43,16.43,16.43,15.956594,542.4242424242424
2017-05-11,16.43,16.43,16.43,16.43,15.956594,539.3939393939394
2017-05-12,16.43,16.43,16.43,16.43,15.956594,536.3636363636364
2017-05-15,16.43,16.43,16.43,16.43,15.956594,533.3333333333334
2017-05-16,16.43,16.43,16.43,16.43,15.956594,530.3030303030303
2017-05-17,16.43,16.43,16.43,16.43,15.956594,527.2727272727273
2017-05-18,16.43,16.43,16.43,16.43,15.956594,524.2424242424242
2017-05-19,16.43,16.43,16.43,16.43,15.956594,521.2121212121212
2017-05-22,16.43,16.43,16.43,16.43,15.956594,518.1818181818182
2017-05-23,16.43,16.43,16.43,16.43,15.956594,515.1515151515151
2017-05-24,16.43,16.43,16.43,16.43,15.956594,512.1212121212121
2017-05-25,16.43,16.43,16.43,16.43,15.956594,509.0909090909091
2017-05-26,16.43,16.43,16.43,16.43,15.956594,506.06060606060606
2017-05-30,16.43,16.43,16.43,16.43,15.956594,503.030303030303
2017-05-31,16.43,16.43,16.43,16.43,15.956594,500.0
2017-06-01,16.43,16.43,16.43,16.43,15.956594,496.969696969697
2017-06-02,16.43,16.43,16.43,16.43,15.956594,493.93939393939394
2017-06-05,16.43,16.43,16.43,16.43,15.956594,490.9090909090909
2017-06-06,16.43,16.43,16.43,16.43,15.956594,487.8787878787879
2017-06-07,16.43,16.43,16.43,16.43,15.956594,484.8484848484849
2017-06-08,16.43,16.43,16.43,16.43,15.956594,481.8181818181818
2017-06-09,16.43,16.43,16.43,16.43,15.956594,478.78787878787875
2017-06-12,16.43,16.43,16.43,16.43,15.956594,475.75757575757575
2017-06-13,16.43,16.43,16.43,16.43,15.956594,472.72727272727275
2017-06-14,16.43,16.43,16.43,16.43,15.956594,469.6969696969697
2017-06-15,16.43,16.43,16.43,16.43,15.956594,466.66666666666663
2017-06-16,16.43,16.43,16.43,16.43,15.956594,463.6363636363636
2017-06-19,16.43,16.43,16.43,16.43,15.956594,460.6060606060606
2017-06-20,16.43,16.43,16.43,16.43,15.956594,457.57575757575756
2017-06-21,16.43,16.43,16.43,16.43,15.956594,454.54545454545456
2017-06-22,16.43,16.43,16.43,16.43,15.956594,451.5151515151515
2017-06-23,16.43,16.43,16.43,16.43,15.956594,448.4848484848485
2017-06-26,16.43,16.43,16.43,16.43,15.956594,445.4545454545455
2017-06-27,16.43,16.43,16.43,16.43,15.956594,442.42424242424244
2017-06-28,16.43,16.43,16.43,16.43,15.956594,439.3939393939394
2017-06-29,16.43,16.43,16.43,16.43,15.956594,436.3636363636364
2017-06-30,16.43,16.43,16.43,16.43,15.956594,433.33333333333337
2017-07-03,16.43,16.43,16.43,16.43,15.956594,430.3030303030303
2017-07-05,16.43,16.43,16.43,16.43,15.956594,427.27272727272725
2017-07-06,16.43,16.43,16.43,16.43,15.956594,424.24242424242425
2017-07-07,16.43,16.43,16.43,16.43,15.956594,421.21212121212125
2017-07-10,16.43,16.43,16.43,16.43,15.956594,418.1818181818182
2017-07-11,16.43,16.43,16.43,16.43,15.956594,415.1515151515151
2017-07-12,16.43,16.43,16.43,16.43,15.956594,412.1212121212121
2017-07-13,16.43,16.43,16.43,16.43,15.956594,409.0909090909091
2017-07-14,16.43,16.43,16.43,16.43,15.956594,406.06060606060606
2017-07-17,16.43,16.43,16.43,16.43,15.956594,403.030303030303
2017-07-18,16.43,16.43,16.43,16.43,15.956594,400.0
2017-07-19,16.43,16.43,16.43,16.43,15.956594,396.969696969697
2017-07-20,16.43,16.43,16.43,16.43,15.956594,393.93939393939394
2017-07-21,16.43,16.43,16.43,16.43,15.956594,390.9090909090909
2017-07-24,16.43,16.43,16.43,16.43,15.956594,387.8787878787879
2017-07-25,16.43,16.43,16.43,16.43,15.956594,384.8484848484849
2017-07-26,16.43,16.43,16.43,16.43,15.956594,381.8181818181818
2017-07-27,16.43,16.43,16.43,16.43,15.956594,378.78787878787875
2017-07-28,16.43,16.43,16.43,16.43,15.956594,375.75757575757575
2017-07-31,16.43,16.43,16.43,16.43,15.956594,372.72727272727275
2017-08-01,16.43,16.43,16.43,16.43,15.956594,369.6969696969697
2017-08-02,16.43,16.43,16.43,16.43,15.956594,366.66666666666663
2017-08-03,16.43,16.43,16.43,16.43,15.956594,363.6363636363636
2017-08-04,16.43,16.43,16.43,16.43,15.956594,360.6060606060606
2017-08-07,16.43,16.43,16.43,16.43,15.956594,357.57575757575756
2017-08-08,16.43,16.43,16.43,16.43,15.956594,354.54545454545456
2017-08-09,16.43,16.43,16.43,16.7,15.956594,351.5151515151515
2017-08-10,16.43,16.43,16.43,16.43,15.956594,348.4848484848485
2017-08-11,16.43,16.43,16.43,16.43,15.956594,345.4545454545455
2017-08-14,16.43,16.43,16.43,16.43,15.956594,342.42424242424244
2017-08-15,16.43,16.43,16.43,16.5,15.956594,339.3939393939394
2017-08-16,16.43,16.43,16.43,16.43,15.956594,336.3636363636364
2017-08-17,16.43,16.43,16.43,16.43,15.956594,333.3333333333333
2017-08-18,16.43,16.43,16.43,16.8,15.956594,330.3030303030303
2017-08-21,16.43,16.43,16.43,16.43,15.956594,327.27272727272725
2017-08-22,16.43,16.43,16.43,16.9,15.956594,324.24242424242425
2017-08-23,16.43,16.43,16.43,17.43,15.956594,321.2121212121212
2017-08-24,16.43,16.43,16.43,16.43,15.956594,318.1818181818182
2017-08-25,16.43,16.43,16.43,18.43,15.956594,315.1515151515151
2017-08-28,16.43,16.43,16.43,18.9,15.956594,312.1212121212121
2017-08-29,16.43,16.43,16.43,19.43,15.956594,309.0909090909091
2017-08-30,16.43,16.43,16.43,20.63,15.956594,306.06060606060606
2017-08-31,16.43,16.43,16.43,21.9,15.956594,303.03030303030306
2017-09-01,23.950001,23.950001,23.950001,23.950001,23.259916,300.0
2017-09-05,23.950001,23.950001,23.950001,23.950001,23.259916,300.0
2017-09-06,23.950001,23.950001,23.950001,23.950001,23.259916,300.0
2017-09-07,23.950001,23.950001,23.950001,23.950001,23.259916,300.0
2017-09-08,23.950001,23.950001,23.950001,23.950001,23.259916,300.0
2017-09-11,23.950001,23.950001,23.950001,23.950001,23.259916,300.0
2017-09-12,23.950001,23.950001,23.950001,23.950001,23.259916,300.0
2017-09-13,23.950001,23.950001,23.950001,23.950001,23.259916,300.0
2017-09-14,23.950001,23.950001,23.950001,23.950001,23.259916,300.0
2017-09-15,23.950001,23.950001,23.950001,23.950001,23.259916,300.0
2017-09-18,23.950001,23.950001,23.950001,23.950001,23.259916,300.0
2017-09-19,23.950001,23.950001,23.950001,23.950001,23.259916,300.0
2017-09-20,23.950001,23.950001,23.950001,23.950001,23.259916,300.0
2017-09-21,23.950001,23.950001,23.950001,23.950001,23.259916,300.0
2017-09-22,23.950001,23.950001,23.950001,23.950001,23.259916,300.0
2017-09-25,23.950001,23.950001,23.950001,23.950001,23.259916,300.0
2017-09-26,23.950001,23.950001,23.950001,23.950001,23.259916,300.0
2017-09-27,23.950001,23.950001,23.950001,23.950001,23.259916,300.0
2017-09-28,23.950001,23.950001,23.950001,24.950001,23.259916,300.0
2017-09-29,23.950001,23.950001,23.950001,26.950001,23.259916,300.0
2017-10-02,23.950001,23.950001,23.950001,28.950001,23.259916,300.0
2017-10-03,23.950001,23.950001,23.950001,29.950001,23.259916,300.0
2017-10-04,23.950001,23.950001,23.950001,29.950001,23.259916,300.0
2017-10-05,23.950001,23.950001,23.950001,30.950001,23.259916,300.0
2017-10-06,31.684,31.684,31.684,31.684,30.771072,300.0
2017-10-09,31.75,31.75,31.68,31.68,30.767187,300.0
2017-10-10,31.68,31.68,31.68,31.68,30.767187,260.0
2017-10-11,31.68,31.68,31.68,31.68,30.767187,220.0
2017-10-12,31.68,31.68,31.68,31.68,30.767187,180.0
2017-10-13,31.68,31.68,31.68,31.68,30.767187,140.0
2017-10-16,33.247002,33.247002,33.247002,33.247002,32.28904,100.0
2017-10-17,33.247002,33.247002,33.247002,33.247002,32.28904,100.0
2017-10-18,33.247002,33.247002,33.247002,33.247002,32.28904,100.0
2017-10-19,33.247002,33.247002,33.247002,33.247002,32.28904,100.0
2017-10-20,33.247002,33.247002,33.247002,33.247002,32.28904,100.0
2017-10-23,33.247002,33.247002,33.247002,33.247002,32.28904,100.0
2017-10-24,33.247002,33.247002,33.247002,33.247002,32.28904,100.0
2017-10-25,33.247002,33.247002,33.247002,33.247002,32.28904,100.0
2017-10-26,33.247002,33.247002,33.247002,33.247002,32.28904,100.0
2017-10-27,33.247002,33.247002,33.247002,33.247002,32.28904,100.0
2017-10-30,33.247002,33.247002,33.247002,33.247002,32.28904,100.0
2017-10-31,33.247002,33.247002,33.247002,33.247002,32.28904,100.0
2017-11-01,33.247002,33.247002,33.247002,33.247002,32.28904,100.0
2017-11-02,33.247002,33.247002,33.247002,33.247002,32.28904,100.0
2017-11-03,33.247002,33.247002,33.247002,33.247002,32.28904,100.0
2017-11-06,33.247002,33.247002,33.247002,33.247002,32.28904,100.0
2017-11-07,33.247002,33.247002,33.247002,33.247002,32.28904,100.0
2017-11-08,33.247002,33.247002,33.247002,33.247002,32.28904,100.0
2017-11-09,33.247002,33.247002,33.247002,33.247002,32.28904,100.0
2017-11-10,33.247002,33.247002,33.247002,33.247002,32.28904,100.0
2017-11-13,33.247002,33.247002,33.247002,33.247002,32.28904,100.0
2017-11-14,33.247002,33.247002,33.247002,33.247002,32.28904,100.0
2017-11-15,33.247002,33.247002,33.247002,33.247002,32.28904,100.0
2017-11-16,30.75,30.75,30.75,30.75,29.863983,100.0
2017-11-17,30.75,30.75,30.75,30.75,29.863983,100.0
2017-11-20,30.75,30.75,30.75,30.75,29.863983,100.0
2017-11-21,30.75,30.75,30.75,30.75,29.863983,100.0
2017-11-22,30.75,30.75,30.75,30.75,29.863983,100.0
2017-11-24,30.75,30.75,30.75,30.75,29.863983,100.0
2017-11-27,30.75,30.75,30.75,30.75,29.863983,100.0
2017-11-28,30.75,30.75,30.75,30.75,29.863983,100.0
2017-11-29,30.75,30.75,30.75,30.75,29.863983,100.0
2017-11-30,30.75,30.75,30.75,30.75,29.863983,100.0
2017-12-01,30.75,30.75,30.75,30.75,29.863983,100.0
2017-12-04,30.75,30.75,30.75,30.75,29.863983,100.0
2017-12-05,30.75,30.75,30.75,30.75,29.863983,100.0
2017-12-06,30.75,30.75,30.75,30.75,29.863983,100.0
2017-12-07,30.75,30.75,30.75,30.75,29.863983,100.0
2017-12-08,30.75,30.75,30.75,30.75,29.863983,100.0
2017-12-11,30.75,30.75,30.75,30.75,29.863983,100.0
2017-12-12,30.75,30.75,30.75,30.75,29.863983,100.0
2017-12-13,30.75,30.75,30.75,30.75,29.863983,100.0
2017-12-14,30.75,30.75,30.75,30.75,29.863983,100.0
2017-12-15,30.75,30.75,30.75,30.75,29.863983,100.0
2017-12-18,30.75,30.75,30.75,30.75,29.863983,100.0
2017-12-19,30.75,30.75,30.75,30.75,29.863983,100.0
2017-12-20,30.75,30.75,30.75,30.75,29.863983,100.0
2017-12-21,30.75,30.75,30.75,30.75,29.863983,100.0
2017-12-22,30.75,30.75,30.75,30.75,29.863983,100.0
2017-12-26,30.75,30.75,30.75,30.75,29.863983,100.0
2017-12-27,29.5,29.5,29.5,29.5,28.65,100.0
2017-12-28,29.5,29.5,29.5,29.5,28.65,485.7142857142857
2017-12-29,29.5,29.5,29.5,29.5,28.65,871.4285714285714
2018-01-02,29.5,29.5,29.5,29.5,28.65,1257.142857142857
2018-01-03,29.5,29.5,29.5,29.5,28.65,1642.857142857143
2018-01-04,29.5,29.5,29.5,29.5,28.65,2028.5714285714287
2018-01-05,29.5,29.5,29.5,29.5,28.65,2414.285714285714
2018-01-08,28.35,28.35,28.35,28.35,27.533136,2800.0
2018-01-09,28.35,28.35,28.35,28.35,27.533136,2665.0
2018-01-10,28.35,28.35,28.35,28.35,27.533136,2530.0
2018-01-11,28.35,28.35,28.35,28.35,27.533136,2395.0
2018-01-12,28.35,28.35,28.35,28.35,27.533136,2260.0
2018-01-16,28.35,28.35,28.35,28.35,27.533136,2125.0
2018-01-17,28.35,28.35,28.35,28.35,27.533136,1990.0
2018-01-18,28.35,28.35,28.35,28.35,27.533136,1855.0
2018-01-19,28.35,28.35,28.35,28.35,27.533136,1720.0
2018-01-22,28.35,28.35,28.35,28.35,27.533136,1585.0
2018-01-23,28.35,28.35,28.35,28.35,27.533136,1450.0
2018-01-24,28.35,28.35,28.35,28.35,27.533136,1315.0
2018-01-25,28.35,28.35,28.35,28.35,27.533136,1180.0
2018-01-26,28.35,28.35,28.35,28.35,27.533136,1045.0
2018-01-29,28.35,28.35,28.35,28.35,27.533136,910.0
2018-01-30,28.35,28.35,28.35,28.35,27.533136,775.0
2018-01-31,28.35,28.35,28.35,28.35,27.533136,640.0
2018-02-01,28.35,28.35,28.35,28.35,27.533136,505.0
2018-02-02,28.35,28.35,28.35,28.35,27.533136,370.0
2018-02-05,28.35,28.35,28.35,28.35,27.533136,235.0
2018-02-06,33.0,33.0,33.0,33.0,32.049152,100.0
2018-02-07,33.0,33.0,33.0,33.0,32.049152,166.66666666666669
2018-02-08,33.0,33.0,33.0,33.0,32.049152,233.33333333333334
2018-02-09,33.0,33.0,33.0,33.0,32.049152,300.0
2018-02-12,33.0,33.0,33.0,33.0,32.049152,366.6666666666667
2018-02-13,33.0,33.0,33.0,33.0,32.049152,433.33333333333337
2018-02-14,33.0,33.0,33.0,33.0,32.049152,500.0
2018-02-15,33.0,33.0,33.0,33.0,32.049152,566.6666666666667
2018-02-16,33.0,33.0,33.0,33.0,32.049152,633.3333333333334
2018-02-20,33.0,33.0,33.0,33.0,32.049152,700.0
2018-02-21,33.0,33.0,33.0,33.0,32.049152,766.6666666666667
2018-02-22,33.0,33.0,33.0,33.0,32.049152,833.3333333333334
2018-02-23,33.0,33.0,33.0,33.0,32.049152,900.0
2018-02-26,33.0,33.0,33.0,33.0,32.049152,966.6666666666667
2018-02-27,33.0,33.0,33.0,33.0,32.049152,1033.3333333333335
2018-02-28,33.0,33.0,33.0,33.0,32.049152,1100.0
2018-03-01,33.0,33.0,33.0,33.0,32.049152,1166.6666666666667
2018-03-02,33.0,33.0,33.0,33.0,32.049152,1233.3333333333335
2018-03-05,31.0,31.0,31.0,31.0,30.106781,1300.0
2018-03-06,30.9,30.9,30.9,30.9,30.009661,300.0
2018-03-07,30.9,30.9,30.9,30.9,30.009661,200.0
2018-03-08,32.0,32.0,32.0,32.0,31.077967,100.0
2018-03-09,32.0,32.0,32.0,32.0,31.077967,150.0
2018-03-12,32.0,32.0,32.0,32.0,31.077967,200.0
2018-03-13,32.0,32.0,32.0,32.0,31.077967,250.0
2018-03-14,32.0,32.0,32.0,32.0,31.077967,300.0
2018-03-15,32.0,32.0,32.0,32.0,31.077967,350.0
2018-03-16,32.366001,32.366001,32.366001,32.366001,31.433422,400.0
2018-03-19,32.366001,32.366001,32.366001,32.366001,31.433422,366.6666666666667
2018-03-20,32.366001,32.366001,32.366001,32.366001,31.433422,333.3333333333333
2018-03-21,32.366001,32.366001,32.366001,32.366001,31.433422,300.0
2018-03-22,32.366001,32.366001,32.366001,32.366001,31.433422,266.66666666666663
2018-03-23,32.366001,32.366001,32.366001,32.366001,31.433422,233.33333333333331
2018-03-26,32.366001,32.366001,32.366001,32.366001,31.433422,200.0
2018-03-27,32.366001,32.366001,32.366001,32.366001,31.433422,166.66666666666666
2018-03-28,32.366001,32.366001,32.366001,32.366001,31.433422,133.33333333333331
2018-03-29,32.299999,32.299999,32.299999,32.299999,31.369322,100.0
2018-04-02,32.299999,32.299999,32.299999,32.299999,31.369322,100.0
2018-04-03,32.0,32.0,32.0,32.0,31.077967,100.0
2018-04-04,32.0,32.0,32.0,32.0,31.077967,104.76190476190476
2018-04-05,32.0,32.0,32.0,32.0,31.077967,109.52380952380952
2018-04-06,32.0,32.0,32.0,32.0,31.077967,114.28571428571428
2018-04-09,32.0,32.0,32.0,32.0,31.077967,119.04761904761905
2018-04-10,32.0,32.0,32.0,32.0,31.077967,123.80952380952381
2018-04-11,32.0,32.0,32.0,32.0,31.077967,128.57142857142856
2018-04-12,32.0,32.0,32.0,32.0,31.077967,133.33333333333334
2018-04-13,32.0,32.0,32.0,32.0,31.077967,138.0952380952381
2018-04-16,32.0,32.0,32.0,32.0,31.077967,142.85714285714286
2018-04-17,32.0,32.0,32.0,32.0,31.077967,147.61904761904762
2018-04-18,32.0,32.0,32.0,32.0,31.077967,152.38095238095238
2018-04-19,32.0,32.0,32.0,32.0,31.077967,157.14285714285714
2018-04-20,32.0,32.0,32.0,32.0,31.077967,161.9047619047619
2018-04-23,32.0,32.0,32.0,32.0,31.077967,166.66666666666669
2018-04-24,32.0,32.0,32.0,32.0,31.077967,171.42857142857144
2018-04-25,32.0,32.0,32.0,32.0,31.077967,176.1904761904762
2018-04-26,32.0,32.0,32.0,32.0,31.077967,180.95238095238096
2018-04-27,32.0,32.0,32.0,32.0,31.077967,185.71428571428572
2018-04-30,32.0,32.0,32.0,32.0,31.077967,190.47619047619048
2018-05-01,32.0,32.0,32.0,32.0,31.077967,195.23809523809524
2018-05-02,34.849998,34.849998,34.849998,34.849998,33.845848,200.0
2018-05-03,34.849998,34.849998,34.849998,34.849998,33.845848,200.0
2018-05-04,34.849998,34.849998,34.849998,34.849998,33.845848,200.0
2018-05-07,34.849998,34.849998,34.849998,34.849998,33.845848,200.0
2018-05-08,34.849998,34.849998,34.849998,34.849998,33.845848,200.0
2018-05-09,34.849998,34.849998,34.849998,34.849998,33.845848,200.0
2018-05-10,42.0,42.0,42.0,42.0,40.789833,200.0
2018-05-11,40.220001,40.220001,40.220001,40.220001,39.061119,100.0
2018-05-14,40.0,40.0,40.0,40.0,38.847458,200.0
2018-05-15,40.0,40.0,40.0,40.0,38.847458,166.66666666666666
2018-05-16,40.0,40.0,40.0,40.0,38.847458,133.33333333333331
2018-05-17,42.0,42.0,42.0,42.0,40.789833,100.0
2018-05-18,42.0,42.0,42.0,42.0,40.789833,140.0
2018-05-21,42.0,42.0,42.0,42.0,40.789833,180.0
2018-05-22,42.0,42.0,42.0,42.0,40.789833,220.0
2018-05-23,42.0,42.0,42.0,42.0,40.789833,260.0
2018-05-24,39.599998,39.599998,39.599998,39.599998,38.458981,300.0
2018-05-25,39.599998,39.599998,39.599998,39.599998,38.458981,283.3333333333333
2018-05-29,39.599998,39.599998,39.599998,39.599998,38.458981,266.6666666666667
2018-05-30,39.599998,39.599998,39.599998,39.599998,38.458981,250.0
2018-05-31,39.599998,39.599998,39.599998,39.599998,38.458981,233.33333333333331
2018-06-01,39.599998,39.599998,39.599998,39.599998,38.458981,216.66666666666666
2018-06-04,39.599998,39.599998,39.599998,39.599998,38.458981,200.0
2018-06-05,39.599998,39.599998,39.599998,39.599998,38.458981,183.33333333333331
2018-06-06,39.599998,39.599998,39.599998,39.599998,38.458981,166.66666666666666
2018-06-07,39.599998,39.599998,39.599998,39.599998,38.458981,150.0
2018-06-08,39.599998,39.599998,39.599998,39.599998,38.458981,133.33333333333331
2018-06-11,39.599998,39.599998,39.599998,39.599998,38.458981,116.66666666666666
2018-06-12,41.700001,41.700001,41.700001,41.700001,40.498478,100.0
2018-06-13,41.700001,41.700001,41.700001,41.700001,40.498478,225.0
2018-06-14,41.700001,41.700001,41.700001,41.700001,40.498478,350.0
2018-06-15,41.700001,41.700001,41.700001,41.700001,40.498478,475.0
2018-06-18,46.330002,47.0,46.330002,47.0,45.645763,600.0
2018-06-19,44.700001,44.700001,44.139999,44.139999,42.868168,1000.0
2018-06-20,44.139999,44.139999,44.139999,44.139999,42.868168,887.5
2018-06-21,44.139999,44.139999,44.139999,44.139999,42.868168,775.0
2018-06-22,44.139999,44.139999,44.139999,44.139999,42.868168,662.5
2018-06-25,44.139999,44.139999,44.139999,44.139999,42.868168,550.0
2018-06-26,44.139999,44.139999,44.139999,44.139999,42.868168,437.5
2018-06-27,44.139999,44.139999,44.139999,44.139999,42.868168,325.0
2018-06-28,44.139999,44.139999,44.139999,44.139999,42.868168,212.5
2018-06-29,43.5,43.5,43.5,43.5,42.246613,100.0
2018-07-02,42.200001,42.200001,42.200001,42.200001,40.98407,100.0
2018-07-03,42.200001,42.200001,42.200001,42.200001,40.98407,133.33333333333334
2018-07-05,42.200001,42.200001,42.200001,42.200001,40.98407,166.66666666666669
2018-07-06,42.200001,42.200001,42.200001,42.200001,40.98407,200.0
2018-07-09,42.200001,42.200001,42.200001,42.200001,40.98407,233.33333333333334
2018-07-10,42.200001,42.200001,42.200001,42.200001,40.98407,266.6666666666667
2018-07-11,42.200001,42.200001,42.200001,42.200001,40.98407,300.0
2018-07-12,42.200001,42.200001,42.200001,42.200001,40.98407,333.33333333333337
2018-07-13,42.200001,42.200001,42.200001,42.200001,40.98407,366.6666666666667
2018-07-16,42.200001,42.200001,42.200001,42.200001,40.98407,400.0
2018-07-17,42.200001,42.200001,42.200001,42.200001,40.98407,433.33333333333337
2018-07-18,42.200001,42.200001,42.200001,42.200001,40.98407,466.6666666666667
2018-07-19,42.200001,42.200001,42.200001,42.200001,40.98407,500.0
2018-07-20,42.200001,42.200001,42.200001,42.200001,40.98407,533.3333333333334
2018-07-23,42.200001,42.200001,42.200001,42.200001,40.98407,566.6666666666667
2018-07-24,42.200001,42.200001,42.200001,42.200001,40.98407,600.0
2018-07-25,42.200001,42.200001,42.200001,42.200001,40.98407,633.3333333333334
2018-07-26,42.200001,42.200001,42.200001,42.200001,40.98407,666.6666666666667
2018-07-27,42.200001,42.200001,42.200001,42.200001,40.98407,700.0
2018-07-30,42.200001,42.200001,42.200001,42.200001,40.98407,733.3333333333334
2018-07-31,42.200001,42.200001,42.200001,42.200001,40.98407,766.6666666666667
2018-08-01,54.25,54.25,54.25,54.25,52.686867,800.0
2018-08-02,54.25,54.25,54.25,54.25,52.686867,813.0434782608696
2018-08-03,54.25,54.25,54.25,54.25,52.686867,826.0869565217391
2018-08-06,54.25,54.25,54.25,54.25,52.686867,839.1304347826087
2018-08-07,54.25,54.25,54.25,54.25,52.686867,852.1739130434783
2018-08-08,54.25,54.25,54.25,54.25,52.686867,865.2173913043479
2018-08-09,54.25,54.25,54.25,54.25,52.686867,878.2608695652174
2018-08-10,54.25,54.25,54.25,54.25,52.686867,891.304347826087
2018-08-13,54.25,54.25,54.25,54.25,52.686867,904.3478260869565
2018-08-14,54.25,54.25,54.25,54.25,52.686867,917.3913043478261
2018-08-15,54.25,54.25,54.25,54.25,52.686867,930.4347826086956
2018-08-16,54.25,54.25,54.25,54.25,52.686867,943.4782608695652
2018-08-17,54.25,54.25,54.25,54.25,52.686867,956.5217391304348
2018-08-20,54.25,54.25,54.25,54.25,52.686867,969.5652173913044
2018-08-21,54.25,54.25,54.25,54.25,52.686867,982.6086956521739
2018-08-22,54.25,54.25,54.25,54.25,52.686867,995.6521739130435
2018-08-23,54.25,54.25,54.25,54.25,52.686867,1008.695652173913
2018-08-24,54.25,54.25,54.25,54.25,52.686867,1021.7391304347826
2018-08-27,54.25,54.25,54.25,54.25,52.686867,1034.7826086956522
2018-08-28,54.25,54.25,54.25,54.25,52.686867,1047.8260869565217
2018-08-29,54.25,54.25,54.25,54.25,52.686867,1060.8695652173913
2018-08-30,54.25,54.25,54.25,54.25,52.686867,1073.913043478261
2018-08-31,54.25,54.25,54.25,54.25,52.686867,1086.9565217391305
2018-09-04,53.0,53.0,52.75,52.75,51.230087,1100.0
2018-09-05,52.75,52.75,52.75,52.75,51.230087,1036.3636363636363
2018-09-06,52.75,52.75,52.75,52.75,51.230087,972.7272727272727
2018-09-07,52.75,52.75,52.75,52.75,51.230087,909.0909090909091
2018-09-10,52.75,52.75,52.75,52.75,51.230087,845.4545454545455
2018-09-11,52.75,52.75,52.75,52.75,51.230087,781.8181818181818
2018-09-12,52.75,52.75,52.75,52.75,51.230087,718.1818181818182
2018-09-13,52.75,52.75,52.75,52.75,51.230087,654.5454545454545
2018-09-14,52.75,52.75,52.75,52.75,51.230087,590.909090909091
2018-09-17,52.75,52.75,52.75,52.75,51.230087,527.2727272727273
2018-09-18,52.75,52.75,52.75,52.75,51.230087,463.6363636363636
2018-09-19,52.529999,52.529999,51.849998,51.849998,50.356018,400.0
2018-09-20,51.849998,51.849998,51.849998,51.849998,50.356018,333.3333333333333
2018-09-21,51.849998,51.849998,51.849998,51.849998,50.356018,266.66666666666663
2018-09-24,52.0,52.0,52.0,52.0,50.501698,200.0
2018-09-25,52.0,52.0,52.0,52.0,50.501698,190.0
2018-09-26,52.0,52.0,52.0,52.0,50.501698,180.0
2018-09-27,52.0,52.0,52.0,52.0,50.501698,170.0
2018-09-28,52.0,52.0,52.0,52.0,50.501698,160.0
2018-10-01,52.0,52.0,52.0,52.0,50.501698,150.0
2018-10-02,52.0,52.0,52.0,52.0,50.501698,140.0
2018-10-03,52.0,52.0,52.0,52.0,50.501698,130.0
2018-10-04,52.0,52.0,52.0,52.0,50.501698,120.0
2018-10-05,52.0,52.0,52.0,52.0,50.501698,110.0
2018-10-08,46.0,46.0,46.0,46.0,44.674576,100.0
2018-10-09,46.0,46.0,46.0,46.0,44.674576,166.66666666666669
2018-10-10,46.0,46.0,46.0,46.0,44.674576,233.33333333333334
2018-10-11,41.41,41.41,41.41,41.41,40.216831,300.0
2018-10-12,41.41,41.41,41.41,41.41,40.216831,250.0
2018-10-15,41.41,41.41,41.41,41.41,40.216831,200.0
2018-10-16,41.41,41.41,41.41,41.41,40.216831,150.0
2018-10-17,44.400002,44.400002,44.400002,44.400002,43.120682,100.0
2018-10-18,44.400002,44.400002,44.400002,44.400002,43.120682,100.0
2018-10-19,44.400002,44.400002,44.400002,44.400002,43.120682,100.0
2018-10-22,44.400002,44.400002,44.400002,44.400002,43.120682,100.0
2018-10-23,44.400002,44.400002,44.400002,44.400002,43.120682,100.0
2018-10-24,44.400002,44.400002,44.400002,44.400002,43.120682,100.0
2018-10-25,44.400002,44.400002,44.400002,44.400002,43.120682,100.0
2018-10-26,44.400002,44.400002,44.400002,44.400002,43.120682,100.0
2018-10-29,44.400002,44.400002,44.400002,44.400002,43.120682,100.0
2018-10-30,44.400002,44.400002,44.400002,44.400002,43.120682,100.0
2018-10-31,44.400002,44.400002,44.400002,44.400002,43.120682,100.0
2018-11-01,42.0,42.0,42.0,42.0,40.789833,100.0
2018-11-02,42.0,42.0,42.0,42.0,40.789833,100.0
2018-11-05,42.0,42.0,42.0,42.0,40.789833,100.0
2018-11-06,42.0,42.0,42.0,42.0,40.789833,100.0
2018-11-07,42.0,42.0,42.0,42.0,40.789833,100.0
2018-11-08,42.0,42.0,42.0,42.0,40.789833,100.0
2018-11-09,39.439999,39.439999,39.439999,39.439999,38.303593,100.0
2018-11-12,39.439999,39.439999,39.439999,39.439999,38.303593,133.33333333333334
2018-11-13,39.439999,39.439999,39.439999,39.439999,38.303593,166.66666666666669
2018-11-14,39.439999,39.439999,39.439999,39.439999,38.303593,200.0
2018-11-15,39.439999,39.439999,39.439999,39.439999,38.303593,233.33333333333334
2018-11-16,39.439999,39.439999,39.439999,39.439999,38.303593,266.6666666666667
2018-11-19,39.439999,39.439999,39.439999,39.439999,38.303593,300.0
2018-11-20,39.439999,39.439999,39.439999,39.439999,38.303593,333.33333333333337
2018-11-21,39.439999,39.439999,39.439999,39.439999,38.303593,366.6666666666667
2018-11-23,39.439999,39.439999,39.439999,39.439999,38.303593,400.0
2018-11-26,39.439999,39.439999,39.439999,39.439999,38.303593,433.33333333333337
2018-11-27,39.439999,39.439999,39.439999,39.439999,38.303593,466.6666666666667
2018-11-28,37.299999,37.299999,37.299999,37.299999,36.225254,500.0
2018-11-29,37.299999,37.299999,37.299999,37.299999,36.225254,487.5
2018-11-30,37.299999,37.299999,37.299999,37.299999,36.225254,475.0
2018-12-03,37.299999,37.299999,37.299999,37.299999,36.225254,462.5
2018-12-04,37.299999,37.299999,37.299999,37.299999,36.225254,450.0
2018-12-06,37.299999,37.299999,37.299999,37.299999,36.225254,437.5
2018-12-07,37.299999,37.299999,37.299999,37.299999,36.225254,425.0
2018-12-10,37.299999,37.299999,37.299999,37.299999,36.225254,412.5
2018-12-11,40.0,40.0,40.0,40.0,38.847458,400.0
2018-12-12,37.400002,37.400002,37.400002,37.400002,36.322376,200.0
2018-12-13,37.400002,37.400002,37.400002,37.400002,36.322376,205.55555555555554
2018-12-14,37.400002,37.400002,37.400002,37.400002,36.322376,211.11111111111111
2018-12-17,37.400002,37.400002,37.400002,37.400002,36.322376,216.66666666666666
2018-12-18,37.400002,37.400002,37.400002,37.400002,36.322376,222.22222222222223
2018-12-19,37.400002,37.400002,37.400002,37.400002,36.322376,227.77777777777777
2018-12-20,37.400002,37.400002,37.400002,37.400002,36.322376,233.33333333333331
2018-12-21,37.400002,37.400002,37.400002,37.400002,36.322376,238.88888888888889
2018-12-24,37.400002,37.400002,37.400002,37.400002,36.322376,244.44444444444446
2018-12-26,37.400002,37.400002,37.400002,37.400002,36.322376,250.0
2018-12-27,37.400002,37.400002,37.400002,37.400002,36.322376,255.55555555555554
2018-12-28,37.400002,37.400002,37.400002,37.400002,36.322376,261.1111111111111
2018-12-31,37.400002,37.400002,37.400002,37.400002,36.322376,266.66666666666663
2019-01-02,37.400002,37.400002,37.400002,37.400002,36.322376,272.22222222222223
2019-01-03,37.400002,37.400002,37.400002,37.400002,36.322376,277.77777777777777
2019-01-04,37.400002,37.400002,37.400002,37.400002,36.322376,283.3333333333333
2019-01-07,37.400002,37.400002,37.400002,37.400002,36.322376,288.8888888888889
2019-01-08,37.400002,37.400002,37.400002,37.400002,36.322376,294.44444444444446
2019-01-09,44.080002,44.080002,44.080002,44.080002,42.809902,300.0
2019-01-10,44.080002,44.080002,44.080002,44.080002,42.809902,318.1818181818182
2019-01-11,44.080002,44.080002,44.080002,44.080002,42.809902,336.3636363636364
2019-01-14,44.080002,44.080002,44.080002,44.080002,42.809902,354.54545454545456
2019-01-15,44.080002,44.080002,44.080002,44.080002,42.809902,372.72727272727275
2019-01-16,44.080002,44.080002,44.080002,44.080002,42.809902,390.90909090909093
2019-01-17,44.080002,44.080002,44.080002,44.080002,42.809902,409.0909090909091
2019-01-18,44.080002,44.080002,44.080002,44.080002,42.809902,427.27272727272725
2019-01-22,44.080002,44.080002,44.080002,44.080002,42.809902,445.4545454545455
2019-01-23,44.080002,44.080002,44.080002,44.080002,42.809902,463.6363636363636
2019-01-24,44.080002,44.080002,44.080002,44.080002,42.809902,481.81818181818187
2019-01-25,49.75,50.650002,49.75,50.650002,49.190598,500.0
2019-01-28,50.650002,50.650002,50.650002,50.650002,49.190598,492.3076923076923
2019-01-29,50.650002,50.650002,50.650002,50.650002,49.190598,484.61538461538464
2019-01-30,50.650002,50.650002,50.650002,50.650002,49.190598,476.9230769230769
2019-01-31,50.650002,50.650002,50.650002,50.650002,49.190598,469.2307692307692
2019-02-01,50.650002,50.650002,50.650002,50.650002,49.190598,461.53846153846155
2019-02-04,50.650002,50.650002,50.650002,50.650002,49.190598,453.84615384615387
2019-02-05,50.650002,50.650002,50.650002,50.650002,49.190598,446.15384615384613
2019-02-06,50.650002,50.650002,50.650002,50.650002,49.190598,438.46153846153845
2019-02-07,50.650002,50.650002,50.650002,50.650002,49.190598,430.7692307692308
2019-02-08,50.650002,50.650002,50.650002,50.650002,49.190598,423.0769230769231
2019-02-11,50.650002,50.650002,50.650002,50.650002,49.190598,415.38461538461536
2019-02-12,50.650002,50.650002,50.650002,50.650002,49.190598,407.6923076923077
2019-02-13,47.0,47.0,47.0,47.0,45.645763,400.0
2019-02-14,46.75,46.75,46.75,46.75,45.402966,200.0
2019-02-15,46.75,46.75,46.75,46.75,45.402966,200.0
2019-02-19,46.75,46.75,46.75,46.75,45.402966,200.0
2019-02-20,46.75,46.75,46.75,46.75,45.402966,200.0
2019-02-21,46.75,46.75,46.75,46.75,45.402966,200.0
2019-02-22,46.75,46.75,46.75,46.75,45.402966,200.0
2019-02-25,48.0,48.0,48.0,48.0,46.616951,200.0
2019-02-26,48.0,48.0,48.0,48.0,46.616951,200.0
2019-02-27,48.0,48.0,48.0,48.0,46.616951,200.0
2019-02-28,48.0,48.0,48.0,48.0,46.616951,200.0
2019-03-01,48.0,48.0,48.0,48.0,46.616951,200.0
2019-03-04,49.0,49.0,49.0,49.0,47.588135,200.0
2019-03-05,50.0,50.0,50.0,50.0,48.559322,100.0
2019-03-06,50.0,50.0,50.0,50.0,48.559322,107.6923076923077
2019-03-07,50.0,50.0,50.0,50.0,48.559322,115.38461538461539
2019-03-08,50.0,50.0,50.0,50.0,48.559322,123.07692307692308
2019-03-11,50.0,50.0,50.0,50.0,48.559322,130.76923076923077
2019-03-12,50.0,50.0,50.0,50.0,48.559322,138.46153846153845
2019-03-13,50.0,50.0,50.0,50.0,48.559322,146.15384615384616
2019-03-14,50.0,50.0,50.0,50.0,48.559322,153.84615384615384
2019-03-15,50.0,50.0,50.0,50.0,48.559322,161.53846153846155
2019-03-18,50.0,50.0,50.0,50.0,48.559322,169.23076923076923
2019-03-19,50.0,50.0,50.0,50.0,48.559322,176.9230769230769
2019-03-20,50.0,50.0,50.0,50.0,48.559322,184.6153846153846
2019-03-21,50.0,50.0,50.0,50.0,48.559322,192.30769230769232
2019-03-22,49.25,49.25,49.25,49.25,47.830933,200.0
2019-03-25,49.25,49.25,49.25,49.25,47.830933,238.70967741935485
2019-03-26,49.25,49.25,49.25,49.25,47.830933,277.4193548387097
2019-03-27,49.25,49.25,49.25,49.25,47.830933,316.1290322580645
2019-03-28,49.25,49.25,49.25,49.25,47.830933,354.8387096774194
2019-03-29,49.25,49.25,49.25,49.25,47.830933,393.5483870967742
2019-04-01,49.25,49.25,49.25,49.25,47.830933,432.258064516129
2019-04-02,49.25,49.25,49.25,49.25,47.830933,470.9677419354839
2019-04-03,49.25,49.25,49.25,49.25,47.830933,509.6774193548387
2019-04-04,49.25,49.25,49.25,49.25,47.830933,548.3870967741935
2019-04-05,49.25,49.25,49.25,49.25,47.830933,587.0967741935484
2019-04-08,49.25,49.25,49.25,49.25,47.830933,625.8064516129032
2019-04-09,49.25,49.25,49.25,49.25,47.830933,664.516129032258
2019-04-10,49.25,49.25,49.25,49.25,47.830933,703.2258064516129
2019-04-11,49.25,49.25,49.25,49.25,47.830933,741.9354838709678
2019-04-12,49.25,49.25,49.25,49.25,47.830933,780.6451612903226
2019-04-15,49.25,49.25,49.25,49.25,47.830933,819.3548387096774
2019-04-16,49.25,49.25,49.25,49.25,47.830933,858.0645161290323
2019-04-17,49.25,49.25,49.25,49.25,47.830933,896.7741935483871
2019-04-18,49.25,49.25,49.25,49.25,47.830933,935.483870967742
2019-04-22,49.25,49.25,49.25,49.25,47.830933,974.1935483870968
2019-04-23,49.25,49.25,49.25,49.25,47.830933,1012.9032258064516
2019-04-24,49.25,49.25,49.25,49.25,47.830933,1051.6129032258063
2019-04-25,49.25,49.25,49.25,49.25,47.830933,1090.3225806451615
2019-04-26,49.25,49.25,49.25,49.25,47.830933,1129.032258064516
2019-04-29,49.25,49.25,49.25,49.25,47.830933,1167.741935483871
2019-04-30,49.25,49.25,49.25,49.25,47.830933,1206.4516129032259
2019-05-01,49.25,49.25,49.25,49.25,47.830933,1245.1612903225807
2019-05-02,49.25,49.25,49.25,49.25,47.830933,1283.8709677419356
2019-05-03,49.25,49.25,49.25,49.25,47.830933,1322.5806451612902
2019-05-06,49.25,49.25,49.25,49.25,47.830933,1361.2903225806451
2019-05-07,56.0,56.0,55.0,55.0,53.415257,1400.0
2019-05-08,55.0,55.0,55.0,55.0,53.415257,1318.75
2019-05-09,55.0,55.0,55.0,55.0,53.415257,1237.5
2019-05-10,55.0,55.0,55.0,55.0,53.415257,1156.25
2019-05-13,55.0,55.0,55.0,55.0,53.415257,1075.0
2019-05-14,55.0,55.0,55.0,55.0,53.415257,993.75
2019-05-15,55.0,55.0,55.0,55.0,53.415257,912.5
2019-05-16,55.0,55.0,55.0,55.0,53.415257,831.25
2019-05-17,55.0,55.0,55.0,55.0,53.415257,750.0
2019-05-20,55.0,55.0,55.0,55.0,53.415257,668.75
2019-05-21,55.0,55.0,55.0,55.0,53.415257,587.5
2019-05-22,55.0,55.0,55.0,55.0,53.415257,506.25
2019-05-23,55.0,55.0,55.0,55.0,53.415257,425.0
2019-05-24,55.0,55.0,55.0,55.0,53.415257,343.75
2019-05-28,55.0,55.0,55.0,55.0,53.415257,262.5
2019-05-29,55.0,55.0,55.0,55.0,53.415257,181.25
2019-05-30,54.900002,54.900002,54.900002,54.900002,53.318138,100.0
2019-05-31,54.900002,54.900002,54.900002,54.900002,53.318138,200.0
2019-06-03,54.900002,54.900002,54.900002,54.900002,53.318138,300.0
2019-06-04,54.0,54.0,54.0,54.0,52.444069,400.0
2019-06-05,55.75,55.75,55.5,55.5,53.900848,300.0
2019-06-06,55.5,55.5,55.5,55.5,53.900848,400.0
2019-06-07,58.0,58.799999,58.0,58.799999,57.105762,500.0
2019-06-10,61.5,61.5,61.0,61.0,59.242374,1800.0
2019-06-11,61.0,61.0,61.0,61.0,59.242374,1050.0
2019-06-12,57.0,57.0,57.0,57.0,55.357628,300.0
2019-06-13,55.799999,56.0,55.5,55.5,53.900848,700.0
2019-06-14,55.5,55.5,55.5,55.5,53.900848,400.0
2019-06-17,54.299999,54.299999,54.299999,54.299999,52.735424,100.0
2019-06-18,54.5,54.5,54.299999,54.299999,52.735424,400.0
2019-06-19,54.689999,54.689999,54.689999,54.689999,53.114185,100.0
2019-06-20,54.689999,54.689999,54.689999,54.689999,53.114185,100.0
2019-06-21,54.689999,54.689999,54.689999,54.689999,53.114185,100.0
2019-06-24,54.689999,54.689999,54.689999,54.689999,53.114185,100.0
2019-06-25,54.689999,54.689999,54.689999,54.689999,53.114185,100.0
2019-06-26,54.689999,54.689999,54.689999,54.689999,53.114185,100.0
2019-06-27,54.689999,54.689999,54.689999,54.689999,53.114185,100.0
2019-06-28,58.0,58.0,58.0,58.0,56.328815,100.0
2019-07-01,58.0,58.0,58.0,58.0,56.328815,133.33333333333334
2019-07-02,58.0,58.0,58.0,58.0,56.328815,166.66666666666669
2019-07-03,57.299999,57.299999,57.299999,57.299999,55.648983,200.0
2019-07-05,57.299999,57.299999,57.299999,57.299999,55.648983,197.43589743589743
2019-07-08,57.299999,57.299999,57.299999,57.299999,55.648983,194.87179487179486
2019-07-09,57.299999,57.299999,57.299999,57.299999,55.648983,192.30769230769232
2019-07-10,57.299999,57.299999,57.299999,57.299999,55.648983,189.74358974358975
2019-07-11,57.299999,57.299999,57.299999,57.299999,55.648983,187.17948717948718
2019-07-12,57.299999,57.299999,57.299999,57.299999,55.648983,184.6153846153846
2019-07-15,57.299999,57.299999,57.299999,57.299999,55.648983,182.05128205128204
2019-07-16,57.299999,57.299999,57.299999,57.299999,55.648983,179.48717948717947
2019-07-17,57.299999,57.299999,57.299999,57.299999,55.648983,176.9230769230769
2019-07-18,57.299999,57.299999,57.299999,57.299999,55.648983,174.35897435897436
2019-07-19,57.299999,57.299999,57.299999,57.299999,55.648983,171.7948717948718
2019-07-22,57.299999,57.299999,57.299999,57.299999,55.648983,169.23076923076923
2019-07-23,57.299999,57.299999,57.299999,57.299999,55.648983,166.66666666666666
2019-07-24,57.299999,57.299999,57.299999,57.299999,55.648983,164.1025641025641
2019-07-25,57.299999,57.299999,57.299999,57.299999,55.648983,161.53846153846155
2019-07-26,57.299999,57.299999,57.299999,57.299999,55.648983,158.97435897435898
2019-07-29,57.299999,57.299999,57.299999,57.299999,55.648983,156.4102564102564
2019-07-30,57.299999,57.299999,57.299999,57.299999,55.648983,153.84615384615384
2019-07-31,57.299999,57.299999,57.299999,57.299999,55.648983,151.28205128205127
2019-08-01,57.299999,57.299999,57.299999,57.299999,55.648983,148.71794871794873
2019-08-02,57.299999,57.299999,57.299999,57.299999,55.648983,146.15384615384613
2019-08-05,57.299999,57.299999,57.299999,57.299999,55.648983,143.5897435897436
2019-08-06,57.299999,57.299999,57.299999,57.299999,55.648983,141.02564102564102
2019-08-07,57.299999,57.299999,57.299999,57.299999,55.648983,138.46153846153845
2019-08-08,57.299999,57.299999,57.299999,57.299999,55.648983,135.8974358974359
2019-08-09,57.299999,57.299999,57.299999,57.299999,55.648983,133.33333333333331
2019-08-12,57.299999,57.299999,57.299999,57.299999,55.648983,130.76923076923077
2019-08-13,57.299999,57.299999,57.299999,57.299999,55.648983,128.2051282051282
2019-08-14,57.299999,57.299999,57.299999,57.299999,55.648983,125.64102564102564
2019-08-15,57.299999,57.299999,57.299999,57.299999,55.648983,123.07692307692307
2019-08-16,57.299999,57.299999,57.299999,57.299999,55.648983,120.51282051282051
2019-08-19,57.299999,57.299999,57.299999,57.299999,55.648983,117.94871794871794
2019-08-20,57.299999,57.299999,57.299999,57.299999,55.648983,115.38461538461537
2019-08-21,57.299999,57.299999,57.299999,57.299999,55.648983,112.82051282051282
2019-08-22,57.299999,57.299999,57.299999,57.299999,55.648983,110.25641025641025
2019-08-23,57.299999,57.299999,57.299999,57.299999,55.648983,107.69230769230768
2019-08-26,57.299999,57.299999,57.299999,57.299999,55.648983,105.12820512820512
2019-08-27,57.299999,57.299999,57.299999,57.299999,55.648983,102.56410256410255
2019-08-28,62.0,62.0,62.0,62.0,60.213562,100.0
2019-08-29,63.0,63.0,63.0,63.0,61.184746,300.0
2019-08-30,64.400002,64.400002,64.400002,64.400002,62.544411,1100.0
2019-09-03,63.5,63.5,63.5,63.5,61.670341,300.0
2019-09-04,63.5,63.5,63.5,63.5,61.670341,275.0
2019-09-05,63.5,63.5,63.5,63.5,61.670341,250.0
2019-09-06,63.5,63.5,63.5,63.5,61.670341,225.0
2019-09-09,65.900002,65.900002,65.900002,65.900002,64.00119,200.0
2019-09-10,65.900002,65.900002,65.900002,65.900002,64.00119,250.0
2019-09-11,66.0,66.0,66.0,66.0,64.098305,300.0
2019-09-12,65.0,65.0,65.0,65.0,63.127121,100.0
2019-09-13,65.0,65.0,65.0,65.0,63.127121,150.0
2019-09-16,64.5,64.5,63.5,63.5,61.670341,200.0
2019-09-17,63.5,63.5,63.5,63.5,61.670341,200.0
2019-09-18,63.299999,63.299999,63.299999,63.299999,61.476101,200.0
2019-09-19,63.299999,63.299999,63.299999,63.299999,61.476101,220.0
2019-09-20,63.299999,63.299999,63.299999,63.299999,61.476101,240.0
2019-09-23,63.299999,63.299999,63.299999,63.299999,61.476101,260.0
2019-09-24,63.299999,63.299999,63.299999,63.299999,61.476101,280.0
2019-09-25,63.299999,63.299999,63.299999,63.299999,61.476101,300.0
2019-09-26,63.299999,63.299999,63.299999,63.299999,61.476101,320.0
2019-09-27,63.299999,63.299999,63.299999,63.299999,61.476101,340.0
2019-09-30,63.299999,63.299999,63.299999,63.299999,61.476101,360.0
2019-10-01,63.299999,63.299999,63.299999,63.299999,61.476101,380.0
2019-10-02,60.0,60.0,60.0,60.0,58.271187,400.0
2019-10-03,60.0,60.0,60.0,60.0,58.271187,383.3333333333333
2019-10-04,60.0,60.0,60.0,60.0,58.271187,366.6666666666667
2019-10-07,60.0,60.0,60.0,60.0,58.271187,350.0
2019-10-08,60.0,60.0,60.0,60.0,58.271187,333.3333333333333
2019-10-09,60.0,60.0,60.0,60.0,58.271187,316.66666666666663
2019-10-10,59.5,59.5,59.5,59.5,57.785595,300.0
2019-10-11,59.5,59.5,59.5,59.5,57.785595,280.0
2019-10-14,59.5,59.5,59.5,59.5,57.785595,260.0
2019-10-15,59.5,59.5,59.5,59.5,57.785595,240.0
2019-10-16,59.5,59.5,59.5,59.5,57.785595,220.0
2019-10-17,61.5,61.5,61.5,61.5,59.727966,200.0
2019-10-18,61.5,61.5,61.5,61.5,59.727966,260.0
2019-10-21,61.5,61.5,61.5,61.5,59.727966,320.0
2019-10-22,61.5,61.5,61.5,61.5,59.727966,380.0
2019-10-23,61.5,61.5,61.5,61.5,59.727966,440.0
2019-10-24,64.0,64.0,63.0,63.0,61.184746,500.0
2019-10-25,63.0,63.0,63.0,63.0,61.184746,400.0
2019-10-28,63.0,63.0,63.0,63.0,61.184746,300.0
2019-10-29,63.0,63.0,63.0,63.0,61.184746,200.0
2019-10-30,67.75,67.75,67.75,67.75,65.797882,100.0
2019-10-31,67.75,67.75,67.75,67.75,65.797882,300.0
2019-11-01,67.800003,67.800003,67.699997,67.699997,65.749321,500.0
2019-11-04,69.0,69.0,69.0,69.0,67.011864,400.0
2019-11-05,69.0,69.0,69.0,69.0,67.011864,400.0
2019-11-06,69.0,69.0,69.0,69.0,67.011864,400.0
2019-11-07,69.0,69.0,69.0,69.0,67.011864,400.0
2019-11-08,69.0,69.0,69.0,69.0,67.011864,400.0
2019-11-11,69.0,69.0,69.0,69.0,67.011864,400.0
2019-11-12,69.0,69.0,69.0,69.0,67.011864,400.0
2019-11-13,69.0,69.0,69.0,69.0,67.011864,400.0
2019-11-14,69.0,69.0,69.0,69.0,67.011864,400.0
2019-11-15,69.0,69.0,69.0,69.0,67.011864,400.0
2019-11-18,67.75,67.75,67.75,67.75,65.797882,400.0
2019-11-19,67.25,67.25,67.25,67.25,65.312286,1000.0
2019-11-20,67.25,67.25,67.25,67.25,65.312286,950.0
2019-11-21,67.25,67.25,67.25,67.25,65.312286,900.0
2019-11-22,67.25,67.25,67.25,67.25,65.312286,850.0
2019-11-25,67.25,67.25,67.25,67.25,65.312286,800.0
2019-11-26,67.25,67.25,67.25,67.25,65.312286,750.0
2019-11-27,67.25,67.25,67.25,67.25,65.312286,700.0
2019-11-29,67.25,67.25,67.25,67.25,65.312286,650.0
2019-12-02,67.25,67.25,67.25,67.25,65.312286,600.0
2019-12-03,67.25,67.25,67.25,67.25,65.312286,550.0
2019-12-04,67.25,67.25,67.25,67.25,65.312286,500.0
2019-12-05,67.25,67.25,67.25,67.25,65.312286,450.0
2019-12-06,67.25,67.25,67.25,67.25,65.312286,400.0
2019-12-09,67.25,67.25,67.25,67.25,65.312286,350.0
2019-12-10,67.25,67.25,67.25,67.25,65.312286,300.0
2019-12-11,67.25,67.25,67.25,67.25,65.312286,250.0
2019-12-12,68.0,68.0,68.0,68.0,66.04068,200.0
2019-12-13,68.0,68.0,68.0,68.0,66.04068,175.0
2019-12-16,68.0,68.0,68.0,68.0,66.04068,150.0
2019-12-17,68.0,68.0,68.0,68.0,66.04068,125.0
2019-12-18,70.800003,70.800003,70.800003,70.800003,68.760002,100.0
2019-12-19,70.800003,70.800003,70.800003,70.800003,68.760002,133.33333333333334
2019-12-20,70.800003,70.800003,70.800003,70.800003,68.760002,166.66666666666669
2019-12-23,70.800003,70.800003,70.800003,70.800003,68.760002,200.0
2019-12-24,70.800003,70.800003,70.800003,70.800003,68.760002,233.33333333333334
2019-12-26,70.800003,70.800003,70.800003,70.800003,68.760002,266.6666666666667
2019-12-27,73.0,73.0,73.0,73.0,70.896614,300.0
2019-12-30,73.0,73.0,73.0,73.0,70.896614,300.0
2019-12-31,73.0,73.0,73.0,73.0,70.896614,300.0
2020-01-02,73.0,73.0,73.0,73.0,70.896614,300.0
2020-01-03,77.0,77.0,77.0,77.0,74.781357,300.0
2020-01-06,77.209999,77.209999,77.209999,77.209999,74.985306,400.0
2020-01-07,74.849998,74.849998,74.849998,74.849998,72.693306,200.0
2020-01-08,75.0,75.0,74.720001,74.720001,72.567055,800.0
2020-01-09,74.720001,74.720001,74.720001,74.720001,72.567055,1180.0
2020-01-10,74.720001,74.720001,74.720001,74.720001,72.567055,1560.0
2020-01-13,74.720001,74.720001,74.720001,74.720001,72.567055,1940.0
2020-01-14,74.720001,74.720001,74.720001,74.720001,72.567055,2320.0
2020-01-15,74.849998,74.849998,74.487,74.487,72.340767,2700.0
2020-01-16,73.75,73.75,73.75,73.75,71.625,100.0
2020-01-17,73.75,73.75,73.75,73.75,71.625,266.66666666666663
2020-01-21,73.75,73.75,73.75,73.75,71.625,433.3333333333333
2020-01-22,72.400002,72.400002,72.400002,72.400002,70.313904,600.0
2020-01-23,70.5,70.5,70.5,70.5,68.468643,1600.0
2020-01-24,70.5,70.5,70.5,70.5,68.468643,1512.5
2020-01-27,70.5,70.5,70.5,70.5,68.468643,1425.0
2020-01-28,70.5,70.5,70.5,70.5,68.468643,1337.5
2020-01-29,70.5,70.5,70.5,70.5,68.468643,1250.0
2020-01-30,70.5,70.5,70.5,70.5,68.468643,1162.5
2020-01-31,70.5,70.5,70.5,70.5,68.468643,1075.0
2020-02-03,70.5,70.5,70.5,70.5,68.468643,987.5
2020-02-04,70.5,70.5,70.5,70.5,68.468643,900.0
2020-02-05,70.5,70.5,70.5,70.5,68.468643,812.5
2020-02-06,70.5,70.5,70.5,70.5,68.468643,725.0
2020-02-07,70.5,70.5,70.5,70.5,68.468643,637.5
2020-02-10,70.5,70.5,70.5,70.5,68.468643,550.0
2020-02-11,70.5,70.5,70.5,70.5,68.468643,462.5
2020-02-12,70.5,70.5,70.5,70.5,68.468643,375.0
2020-02-13,70.5,70.5,70.5,70.5,68.468643,287.5
2020-02-14,83.0,86.0,83.0,86.0,83.522034,200.0
2020-02-18,84.099998,84.099998,84.099998,84.099998,81.676781,200.0
2020-02-19,84.099998,84.099998,84.099998,84.099998,81.676781,175.0
2020-02-20,84.099998,84.099998,84.099998,84.099998,81.676781,150.0
2020-02-21,84.099998,84.099998,84.099998,84.099998,81.676781,125.0
2020-02-24,79.839996,79.839996,79.839996,79.839996,77.53952,100.0
2020-02-25,80.0,80.0,80.0,80.0,77.694916,100.0
2020-02-26,80.0,80.0,80.0,80.0,77.694916,100.0
2020-02-27,80.0,80.0,80.0,80.0,77.694916,100.0
2020-02-28,80.0,80.0,80.0,80.0,77.694916,100.0
2020-03-02,80.0,80.0,80.0,80.0,77.694916,100.0
2020-03-03,80.0,80.0,80.0,80.0,77.694916,100.0
2020-03-04,78.0,78.0,78.0,78.0,75.752541,100.0
2020-03-05,78.0,78.0,78.0,78.0,75.752541,550.0
2020-03-06,77.533997,77.533997,77.533997,77.533997,75.299965,1000.0
2020-03-09,77.533997,77.533997,77.533997,77.533997,75.299965,850.0
2020-03-10,71.0,71.0,69.0,69.0,67.011864,700.0
2020-03-11,69.0,69.0,69.0,69.0,67.011864,450.0
2020-03-12,58.0,58.0,58.0,58.0,56.328815,200.0
2020-03-13,63.014,63.014,63.014,63.014,61.198345,1000.0
2020-03-16,60.606998,64.490997,60.450001,64.490997,62.632782,400.0
2020-03-17,64.490997,64.490997,64.490997,64.490997,62.632782,325.0
2020-03-18,64.490997,64.490997,64.490997,64.490997,62.632782,250.0
2020-03-19,64.490997,64.490997,64.490997,64.490997,62.632782,175.0
2020-03-20,64.25,64.25,64.25,64.25,62.398731,100.0
2020-03-23,64.25,64.25,64.25,64.25,62.398731,150.0
2020-03-24,62.0,62.0,62.0,62.0,60.213562,200.0
2020-03-25,62.0,62.0,62.0,62.0,60.213562,150.0
2020-03-26,60.0,60.0,60.0,60.0,58.271187,100.0
2020-03-27,60.0,60.0,60.0,60.0,58.271187,100.0
2020-03-30,60.0,60.0,60.0,60.0,58.271187,100.0
2020-03-31,60.0,60.0,60.0,60.0,58.271187,100.0
2020-04-01,60.0,60.0,60.0,60.0,58.271187,100.0
2020-04-02,60.0,60.0,60.0,60.0,58.271187,100.0
2020-04-03,60.0,60.0,60.0,60.0,58.271187,100.0
2020-04-06,60.0,60.0,60.0,60.0,58.271187,100.0
2020-04-07,60.0,60.0,60.0,60.0,58.271187,100.0
2020-04-08,60.0,60.0,60.0,60.0,58.271187,100.0
2020-04-09,60.0,60.0,60.0,60.0,58.271187,100.0
2020-04-13,60.0,60.0,60.0,60.0,58.271187,100.0
2020-04-14,60.0,60.0,60.0,60.0,58.271187,100.0
2020-04-15,60.0,60.0,60.0,60.0,58.271187,100.0
2020-04-16,60.0,60.0,60.0,60.0,58.271187,100.0
2020-04-17,60.0,60.0,60.0,60.0,58.271187,100.0
2020-04-20,82.0,82.0,82.0,82.0,79.637291,100.0
2020-04-21,82.0,82.0,82.0,82.0,79.637291,100.0
2020-04-22,82.0,82.0,82.0,82.0,79.637291,100.0
2020-04-23,82.0,82.0,82.0,82.0,79.637291,100.0
2020-04-24,82.0,82.0,82.0,82.0,79.637291,100.0
2020-04-27,82.0,82.0,82.0,82.0,79.637291,100.0
2020-04-28,82.0,82.0,82.0,82.0,79.637291,100.0
2020-04-29,82.0,82.0,82.0,82.0,79.637291,100.0
2020-04-30,82.0,82.0,82.0,82.0,79.637291,100.0
2020-05-01,82.0,82.0,82.0,82.0,79.637291,100.0
2020-05-04,82.0,82.0,82.0,82.0,79.637291,109.0909090909091
2020-05-05,82.0,82.0,82.0,82.0,79.637291,118.18181818181819
2020-05-06,82.0,82.0,82.0,82.0,79.637291,127.27272727272728
2020-05-07,82.0,82.0,82.0,82.0,79.637291,136.36363636363637
2020-05-08,82.0,82.0,82.0,82.0,79.637291,145.45454545454547
2020-05-11,82.0,82.0,82.0,82.0,79.637291,154.54545454545456
2020-05-12,82.0,82.0,82.0,82.0,79.637291,163.63636363636363
2020-05-13,82.0,82.0,82.0,82.0,79.637291,172.72727272727275
2020-05-14,82.0,82.0,82.0,82.0,79.637291,181.8181818181818
2020-05-15,82.0,82.0,82.0,82.0,79.637291,190.90909090909093
2020-05-18,90.0,90.0,90.0,90.0,87.406784,200.0
2020-05-19,91.606003,91.606003,91.606003,91.606003,88.966507,300.0
2020-05-20,91.606003,91.606003,91.606003,91.606003,88.966507,350.0
2020-05-21,91.606003,91.606003,91.606003,91.606003,88.966507,400.0
2020-05-22,91.606003,91.606003,91.606003,91.606003,88.966507,450.0
2020-05-26,100.75,100.800003,100.75,100.800003,97.895599,500.0
2020-05-27,96.5,96.5,96.5,96.5,93.71949,200.0
2020-05-28,98.080002,98.080002,98.080002,98.080002,95.253967,500.0
2020-05-29,98.080002,98.080002,98.080002,98.080002,95.253967,472.72727272727275
2020-06-01,98.080002,98.080002,98.080002,98.080002,95.253967,445.45454545454544
2020-06-02,98.080002,98.080002,98.080002,98.080002,95.253967,418.1818181818182
2020-06-03,98.080002,98.080002,98.080002,98.080002,95.253967,390.9090909090909
2020-06-04,98.080002,98.080002,98.080002,98.080002,95.253967,363.6363636363636
2020-06-05,98.080002,98.080002,98.080002,98.080002,95.253967,336.3636363636364
2020-06-08,98.080002,98.080002,98.080002,98.080002,95.253967,309.0909090909091
2020-06-09,98.080002,98.080002,98.080002,98.080002,95.253967,281.8181818181818
2020-06-10,98.080002,98.080002,98.080002,98.080002,95.253967,254.54545454545453
2020-06-11,98.080002,98.080002,98.080002,98.080002,95.253967,227.27272727272725
2020-06-12,100.0,100.0,100.0,100.0,97.118645,200.0
2020-06-15,95.849998,95.849998,95.849998,95.849998,93.088219,100.0
2020-06-16,95.849998,95.849998,95.849998,95.849998,93.088219,116.66666666666667
2020-06-17,95.849998,95.849998,95.849998,95.849998,93.088219,133.33333333333334
2020-06-18,95.849998,95.849998,95.849998,95.849998,93.088219,150.0
2020-06-19,95.849998,95.849998,95.849998,95.849998,93.088219,166.66666666666669
2020-06-22,95.849998,95.849998,95.849998,95.849998,93.088219,183.33333333333334
2020-06-23,102.598999,102.598999,102.598999,102.598999,99.642761,200.0
2020-06-24,102.598999,102.598999,102.598999,102.598999,99.642761,187.5
2020-06-25,102.598999,102.598999,102.598999,102.598999,99.642761,175.0
2020-06-26,102.598999,102.598999,102.598999,102.598999,99.642761,162.5
2020-06-29,102.598999,102.598999,102.598999,102.598999,99.642761,150.0
2020-06-30,102.598999,102.598999,102.598999,102.598999,99.642761,137.5
2020-07-01,102.598999,102.598999,102.598999,102.598999,99.642761,125.0
2020-07-02,102.598999,102.598999,102.598999,102.598999,99.642761,112.5
2020-07-06,102.0,102.0,102.0,102.0,99.06102,100.0
2020-07-07,102.0,102.0,102.0,102.0,99.06102,100.0
2020-07-08,102.0,102.0,102.0,102.0,99.06102,100.0
2020-07-09,102.0,102.0,102.0,102.0,99.06102,100.0
2020-07-10,102.0,102.0,102.0,102.0,99.06102,100.0
2020-07-13,102.0,102.0,102.0,102.0,99.06102,100.0
2020-07-14,102.0,102.0,102.0,102.0,99.06102,100.0
2020-07-15,102.0,102.0,102.0,102.0,99.06102,100.0
2020-07-16,102.0,102.0,102.0,102.0,99.06102,100.0
2020-07-17,102.0,102.0,102.0,102.0,99.06102,100.0
2020-07-20,102.0,102.0,102.0,102.0,99.06102,100.0
2020-07-21,102.0,102.0,102.0,102.0,99.06102,100.0
2020-07-22,102.0,102.0,102.0,102.0,99.06102,100.0
2020-07-23,102.0,102.0,102.0,102.0,99.06102,100.0
2020-07-24,102.0,102.0,102.0,102.0,99.06102,100.0
2020-07-27,102.0,102.0,102.0,102.0,99.06102,100.0
2020-07-28,102.0,102.0,102.0,102.0,99.06102,100.0
2020-07-29,102.0,102.0,102.0,102.0,99.06102,100.0
2020-07-30,102.0,102.0,102.0,102.0,99.06102,100.0
2020-07-31,102.0,102.0,102.0,102.0,99.06102,100.0
2020-08-03,102.0,102.0,102.0,102.0,99.06102,100.0
2020-08-04,102.0,102.0,102.0,102.0,99.06102,100.0
2020-08-05,102.0,102.0,102.0,102.0,99.06102,100.0
2020-08-06,102.0,102.0,102.0,102.0,99.06102,100.0
2020-08-07,102.0,102.0,102.0,102.0,99.06102,100.0
2020-08-10,102.0,102.0,102.0,102.0,99.06102,100.0
2020-08-11,110.094002,110.094002,110.094002,110.094002,106.921806,100.0
2020-08-12,113.0,113.0,113.0,113.0,109.744072,100.0
2020-08-13,113.0,113.0,113.0,113.0,109.744072,300.0
2020-08-14,112.0,112.0,112.0,112.0,108.772881,500.0
2020-08-17,112.0,112.0,112.0,112.0,108.772881,500.0
2020-08-18,112.0,112.0,112.0,112.0,108.772881,500.0
2020-08-19,112.0,112.0,112.0,112.0,108.772881,500.0
2020-08-20,112.0,112.0,112.0,112.0,108.772881,500.0
2020-08-21,112.0,112.0,112.0,112.0,108.772881,500.0
2020-08-24,112.0,112.0,112.0,112.0,108.772881,500.0
2020-08-25,112.0,112.0,112.0,112.0,108.772881,500.0
2020-08-26,112.0,112.0,112.0,112.0,108.772881,500.0
2020-08-27,121.0,121.0,121.0,121.0,117.513565,500.0
2020-08-28,121.0,121.0,121.0,121.0,117.513565,400.0
2020-08-31,118.065002,118.065002,118.065002,118.065002,114.663132,300.0
2020-09-01,124.0,124.0,124.0,124.0,120.427124,200.0
2020-09-02,120.0,120.0,120.0,120.0,116.542374,100.0
2020-09-03,120.0,120.0,120.0,120.0,116.542374,150.0
2020-09-04,113.0,113.0,113.0,113.0,109.744072,200.0
2020-09-08,113.0,113.0,113.0,113.0,109.744072,183.33333333333334
2020-09-09,113.0,113.0,113.0,113.0,109.744072,166.66666666666666
2020-09-10,113.0,113.0,113.0,113.0,109.744072,150.0
2020-09-11,113.0,113.0,113.0,113.0,109.744072,133.33333333333331
2020-09-14,113.0,113.0,113.0,113.0,109.744072,116.66666666666666
2020-09-15,109.0,109.0,109.0,109.0,105.859322,100.0
2020-09-16,109.0,109.0,109.0,109.0,105.859322,333.33333333333337
2020-09-17,109.0,109.0,109.0,109.0,105.859322,566.6666666666667
2020-09-18,106.5,109.0,106.5,109.0,105.859322,800.0
2020-09-21,109.0,109.0,109.0,109.0,105.859322,790.9090909090909
2020-09-22,109.0,109.0,109.0,109.0,105.859322,781.8181818181819
2020-09-23,109.0,109.0,109.0,109.0,105.859322,772.7272727272727
2020-09-24,109.0,109.0,109.0,109.0,105.859322,763.6363636363636
2020-09-25,109.0,109.0,109.0,109.0,105.859322,754.5454545454545
2020-09-28,109.0,109.0,109.0,109.0,105.859322,745.4545454545455
2020-09-29,109.0,109.0,109.0,109.0,105.859322,736.3636363636364
2020-09-30,109.0,109.0,109.0,109.0,105.859322,727.2727272727273
2020-10-01,109.0,109.0,109.0,109.0,105.859322,718.1818181818181
2020-10-02,109.0,109.0,109.0,109.0,105.859322,709.0909090909091
2020-10-05,104.849998,106.0,104.849998,106.0,102.945763,700.0
2020-10-06,102.75,102.75,102.75,102.75,99.789406,100.0
2020-10-07,102.75,102.75,102.75,102.75,99.789406,125.0
2020-10-08,102.75,102.75,102.75,102.75,99.789406,150.0
2020-10-09,102.75,102.75,102.75,102.75,99.789406,175.0
2020-10-12,99.003998,99.003998,99.003998,99.003998,96.151344,200.0
2020-10-13,99.003998,99.003998,99.003998,99.003998,96.151344,200.0
2020-10-14,91.220001,91.220001,91.220001,91.220001,88.591629,200.0
2020-10-15,95.599998,95.599998,95.599998,95.599998,92.845421,300.0
2020-10-16,95.599998,95.599998,95.599998,95.599998,92.845421,300.0
2020-10-19,99.5,99.5,99.5,99.5,96.633049,300.0
2020-10-20,100.0,100.0,100.0,100.0,97.118645,300.0
2020-10-21,100.0,100.0,100.0,100.0,97.118645,300.0
2020-10-22,100.0,100.0,100.0,100.0,97.118645,300.0
2020-10-23,100.0,100.0,100.0,100.0,97.118645,300.0
2020-10-26,100.0,100.0,100.0,100.0,97.118645,341.6666666666667
2020-10-27,100.0,100.0,100.0,100.0,97.118645,383.3333333333333
2020-10-28,100.0,100.0,100.0,100.0,97.118645,425.0
2020-10-29,100.0,100.0,100.0,100.0,97.118645,466.66666666666663
2020-10-30,100.0,100.0,100.0,100.0,97.118645,508.3333333333333
2020-11-02,100.0,100.0,100.0,100.0,97.118645,550.0
2020-11-03,100.0,100.0,100.0,100.0,97.118645,591.6666666666666
2020-11-04,100.0,100.0,100.0,100.0,97.118645,633.3333333333333
2020-11-05,100.0,100.0,100.0,100.0,97.118645,675.0
2020-11-06,100.0,100.0,100.0,100.0,97.118645,716.6666666666666
2020-11-09,100.0,100.0,100.0,100.0,97.118645,758.3333333333333
2020-11-10,98.389999,98.389999,96.25,96.489998,93.709778,800.0
2020-11-11,97.5,97.5,97.5,97.5,94.690681,100.0
2020-11-12,97.5,97.5,97.5,97.5,94.690681,100.0
2020-11-13,95.470001,95.470001,95.470001,95.470001,92.71917,100.0
2020-11-16,95.959999,97.0,95.959999,97.0,94.205086,400.0
2020-11-17,97.769997,102.099998,97.769997,100.0,97.118645,4700.0
2020-11-18,99.209999,102.230003,99.209999,102.230003,99.284393,400.0
2020-11-19,102.230003,102.230003,102.230003,102.230003,99.284393,500.0
2020-11-20,99.389999,100.0,99.389999,100.0,97.118645,600.0
2020-11-23,100.0,100.0,100.0,100.0,97.118645,566.6666666666666
2020-11-24,100.0,100.0,100.0,100.0,97.118645,533.3333333333334
2020-11-25,100.0,101.099998,97.089996,97.089996,94.292488,500.0
2020-11-27,94.870003,97.160004,94.870003,97.160004,94.360481,900.0
2020-11-30,104.0,104.0,104.0,104.0,101.003395,700.0
2020-12-01,114.099998,114.099998,111.0,111.0,107.801697,2300.0
2020-12-02,111.0,111.0,111.0,111.0,107.801697,1350.0
2020-12-03,114.830002,114.830002,114.830002,114.830002,111.521339,400.0
2020-12-04,118.239998,120.0,118.239998,120.0,116.542374,800.0
2020-12-07,116.699997,120.050003,116.699997,120.050003,116.590935,1600.0
2020-12-08,108.089996,111.0,108.089996,111.0,107.801697,800.0
2020-12-09,110.0,110.0,107.650002,107.650002,104.548225,1000.0
2020-12-10,100.93,104.449997,97.449997,101.050003,98.138397,2000.0
2020-12-11,88.669998,90.0,86.0,89.125,86.556992,3600.0
2020-12-14,75.0,87.239998,73.089996,86.0,83.522034,8700.0
2020-12-15,82.459999,82.776001,82.349998,82.776001,80.39093,36300.0
2020-12-16,82.099998,84.989998,82.099998,84.989998,82.541138,2300.0
2020-12-17,84.839996,88.0,84.839996,88.0,85.464409,1500.0
2020-12-18,78.0,79.0,70.933998,78.800003,76.529495,9700.0
2020-12-21,69.75,71.260002,69.519997,71.0,68.954239,4600.0
2020-12-22,71.459999,81.010002,71.169998,75.0,72.838982,3500.0
2020-12-23,72.889999,76.5,71.970001,74.75,72.596191,3500.0
2020-12-24,74.699997,76.050003,74.699997,75.0,72.838982,2600.0
2020-12-28,73.940002,73.940002,73.889999,73.889999,71.760963,1300.0
2020-12-29,75.0,78.0,74.720001,76.0,73.810173,1400.0
2020-12-30,73.290001,75.449997,73.290001,75.449997,73.276016,1500.0
2020-12-31,75.449997,75.449997,73.0,75.0,72.838982,700.0
2021-01-04,75.0,75.0,74.5,74.5,72.353394,500.0
2021-01-05,74.5,75.949997,72.199997,73.5,71.382202,1500.0
2021-01-06,73.5,73.5,73.5,73.5,71.382202,1350.0
2021-01-07,70.0,70.0,68.0,68.0,66.04068,1200.0
2021-01-08,65.110001,65.720001,63.470001,65.720001,63.826374,2300.0
2021-01-11,71.199997,71.199997,69.900002,69.900002,67.885933,1000.0
2021-01-12,69.900002,69.900002,69.900002,69.900002,67.885933,1000.0
2021-01-13,68.120003,68.120003,66.970001,66.970001,65.040359,1000.0
2021-01-14,72.230003,72.230003,72.230003,72.230003,70.148804,500.0
2021-01-15,69.0,69.0,69.0,69.0,67.011864,200.0
2021-01-19,65.290001,65.300003,65.290001,65.300003,63.41848,1600.0
2021-01-20,65.730003,65.730003,65.730003,65.730003,63.83609,200.0
2021-01-21,65.730003,65.730003,65.730003,65.730003,63.83609,200.0
2021-01-22,65.730003,65.730003,65.730003,65.730003,63.83609,200.0
2021-01-25,72.360001,74.824997,72.360001,74.824997,72.669022,2000.0
2021-01-26,76.779999,78.010002,76.779999,78.0,75.752541,2200.0
2021-01-27,85.0,85.0,85.0,85.0,82.55085,1400.0
2021-01-28,95.43,98.07,90.0,92.0,89.349152,4100.0
2021-01-29,84.879997,87.5,82.949997,87.5,84.978813,1500.0
2021-02-01,87.5,87.5,87.5,87.5,84.978813,400.0
2021-02-02,77.150002,77.150002,77.150002,77.150002,74.92704,500.0
2021-02-03,77.150002,77.150002,77.150002,77.150002,74.92704,300.0
2021-02-04,77.709999,77.709999,77.709999,77.709999,75.470901,300.0
2021-02-05,77.709999,77.709999,77.709999,77.709999,75.470901,250.0
2021-02-08,77.150002,77.150002,77.150002,77.150002,74.92704,200.0
2021-02-09,72.760002,75.0,72.760002,75.0,72.838982,1000.0
2021-02-10,73.519997,73.519997,71.449997,71.449997,69.391266,900.0
2021-02-11,71.449997,71.449997,71.449997,71.449997,69.391266,20700.0
2021-02-12,70.900002,70.900002,70.550003,70.550003,68.517204,700.0
2021-02-16,70.5,70.5,70.5,70.5,68.468643,300.0
2021-02-17,70.5,70.5,70.5,70.5,68.468643,600.0
2021-02-18,75.0,75.0,73.499001,74.275002,72.134872,800.0
2021-02-19,73.525002,73.525002,73.525002,73.525002,71.406487,200.0
2021-02-22,73.525002,73.525002,73.525002,73.525002,71.406487,250.0
2021-02-23,73.525002,73.525002,73.525002,73.525002,71.406487,300.0
2021-02-24,73.525002,73.525002,73.525002,73.525002,71.406487,350.0
2021-02-25,67.0,67.0,67.0,67.0,65.069496,400.0
2021-02-26,64.230003,64.230003,64.065002,64.139999,62.291901,1300.0
2021-03-01,62.598,63.650002,62.598,62.790001,60.980797,1000.0
2021-03-02,65.525002,65.525002,65.525002,65.525002,63.636993,600.0
2021-03-03,61.490002,61.490002,60.099998,60.099998,58.368305,700.0
2021-03-04,60.5,60.5,60.400002,60.400002,58.659664,1100.0
2021-03-05,61.799999,61.799999,61.014999,61.014999,59.256943,600.0
2021-03-08,62.25,62.25,62.25,62.25,60.456356,200.0
2021-03-09,62.25,62.25,62.25,62.25,60.456356,400.0
2021-03-10,55.060001,57.459999,55.060001,56.23,54.609814,600.0
2021-03-11,60.290001,60.290001,60.290001,60.290001,58.552834,800.0
2021-03-12,60.290001,60.290001,60.290001,60.290001,58.552834,700.0
2021-03-15,60.290001,60.290001,60.290001,60.290001,58.552834,600.0
2021-03-16,58.450001,58.450001,58.450001,58.450001,56.76585,1300.0
2021-03-17,60.0,60.0,60.0,60.0,58.271187,200.0
2021-03-18,60.0,60.0,60.0,60.0,58.271187,300.0
2021-03-19,60.0,60.0,60.0,60.0,58.271187,400.0
2021-03-22,56.889999,60.060001,56.474998,60.060001,58.32946,900.0
2021-03-23,55.527,56.610001,55.34,56.610001,54.978867,1300.0
2021-03-24,56.610001,56.610001,56.610001,56.610001,54.978867,800.0
2021-03-25,53.560001,53.560001,53.560001,53.560001,52.016747,300.0
2021-03-26,52.549999,55.0,52.0,55.0,53.415257,1300.0
2021-03-29,60.0,60.400002,59.889999,59.889999,58.164356,600.0
2021-03-30,55.814999,57.630001,55.814999,57.630001,55.969475,400.0
2021-03-31,47.02,51.099998,46.775002,51.099998,49.627628,108200.0
2021-04-01,51.099998,51.099998,51.099998,51.099998,49.627628,54500.0
2021-04-05,50.0,52.5,50.0,52.5,50.987289,800.0
2021-04-06,52.5,52.5,52.5,52.5,50.987289,650.0
2021-04-07,50.18,50.18,50.0,50.0,48.559322,500.0
2021-04-08,49.0,52.540001,49.0,52.540001,51.026138,800.0
2021-04-09,46.450001,52.0,46.450001,49.990002,48.549614,1400.0
2021-04-12,49.990002,49.990002,49.990002,49.990002,48.549614,1050.0
2021-04-13,47.200001,47.200001,47.200001,47.200001,45.84,700.0
2021-04-14,49.330002,49.330002,49.330002,49.330002,47.90863,200.0
2021-04-15,47.5,47.5,47.5,47.5,46.131355,300.0
2021-04-16,48.0,48.0,48.0,48.0,46.616951,100.0
2021-04-19,47.349998,47.349998,47.349998,47.349998,45.985676,400.0
2021-04-20,46.09,46.09,45.775002,45.990002,44.664867,900.0
2021-04-21,45.990002,46.279999,45.990002,46.279999,44.946507,300.0
2021-04-22,46.139999,46.139999,46.139999,46.139999,44.810543,200.0
2021-04-23,44.950001,45.049999,44.950001,45.049999,43.751949,900.0
2021-04-26,44.174999,44.174999,44.0,44.0,42.732204,500.0
2021-04-27,44.415001,44.68,44.415001,44.68,43.392612,500.0
2021-04-28,45.514999,45.740002,45.514999,45.740002,44.42207,500.0
2021-04-29,45.740002,45.740002,45.740002,45.740002,44.42207,450.0
2021-04-30,46.514999,46.514999,45.98,45.98,44.655151,400.0
2021-05-03,46.0,46.0,45.224998,46.0,44.674576,900.0
2021-05-04,44.189999,44.360001,42.950001,44.360001,43.081833,1100.0
2021-05-05,44.360001,44.360001,44.360001,44.360001,43.081833,1150.0
2021-05-06,40.959999,41.105,40.959999,41.099998,39.915764,1200.0
2021-05-07,41.099998,41.099998,41.099998,41.099998,39.915764,850.0
2021-05-10,41.759998,41.759998,41.759998,41.759998,40.556744,500.0
2021-05-11,41.759998,41.759998,41.759998,41.759998,40.556744,300.0
2021-05-12,44.235001,44.235001,44.235001,44.235001,42.960434,100.0
2021-05-13,42.459999,42.459999,42.459999,42.459999,41.236576,200.0
2021-05-14,42.459999,42.459999,42.459999,42.459999,41.236576,350.0
2021-05-17,46.09,46.09,45.799999,45.799999,44.480339,500.0
2021-05-18,45.799999,45.799999,45.799999,45.799999,44.480339,350.0
2021-05-19,45.474998,45.474998,45.474998,45.474998,44.164703,200.0
2021-05-20,45.474998,45.474998,45.474998,45.474998,44.164703,100.0
2021-05-21,45.474998,45.474998,45.474998,45.474998,44.164703,500.0
2021-05-24,45.474998,45.474998,45.474998,45.474998,44.164703,900.0
2021-05-25,46.290001,46.5,46.290001,46.5,45.160172,1300.0
2021-05-26,44.25,44.25,44.25,44.25,42.975002,200.0
2021-05-27,47.200001,47.200001,47.200001,47.200001,45.84,400.0
2021-05-28,47.200001,47.200001,47.200001,47.200001,45.84,550.0
2021-06-01,44.099998,44.099998,42.610001,43.5,43.5,700.0
2021-06-02,42.619999,42.700001,42.619999,42.700001,42.700001,300.0
2021-06-03,42.700001,42.700001,42.700001,42.700001,42.700001,300.0
2021-06-04,45.810001,46.02,45.810001,46.02,46.02,300.0
2021-06-07,46.02,46.02,46.02,46.02,46.02,350.0
2021-06-08,52.299999,52.299999,52.299999,52.299999,52.299999,400.0
2021-06-09,47.43,47.43,46.349998,46.349998,46.349998,800.0
2021-06-10,46.349998,46.349998,46.349998,46.349998,46.349998,1150.0
2021-06-11,46.349998,46.349998,46.349998,46.349998,46.349998,1500.0
2021-06-14,46.349998,46.349998,46.349998,46.349998,46.349998,1850.0
2021-06-15,54.014999,54.014999,52.880001,52.880001,52.880001,2200.0
2021-06-16,52.880001,52.880001,52.880001,52.880001,52.880001,1300.0
2021-06-17,47.619999,47.619999,47.619999,47.619999,47.619999,400.0
2021-06-18,47.789001,47.789001,47.789001,47.789001,47.789001,100.0
2021-06-21,47.789001,47.789001,47.789001,47.789001,47.789001,166.66666666666669
2021-06-22,47.789001,47.789001,47.789001,47.789001,47.789001,233.33333333333334
2021-06-23,46.792,46.792,46.792,46.792,46.792,300.0
2021-06-24,53.099998,53.099998,47.75,47.75,47.75,700.0
2021-06-25,45.700001,45.700001,45.700001,45.700001,45.700001,300.0
2021-06-28,45.700001,45.700001,45.700001,45.700001,45.700001,350.0
2021-06-29,49.32,49.450001,49.32,49.450001,49.450001,400.0
2021-06-30,49.450001,49.450001,49.450001,49.450001,49.450001,300.0
2021-07-01,49.764999,49.764999,49.764999,49.764999,49.764999,200.0
2021-07-02,49.764999,49.764999,49.764999,49.764999,49.764999,450.0
2021-07-06,49.764999,49.764999,49.764999,49.764999,49.764999,700.0
2021-07-07,49.764999,49.764999,49.764999,49.764999,49.764999,950.0
2021-07-08,49.764999,49.764999,49.764999,49.764999,49.764999,1200.0
2021-07-09,49.764999,49.764999,49.764999,49.764999,49.764999,1450.0
2021-07-12,49.299999,55.0,49.299999,55.0,55.0,1700.0
2021-07-13,55.799999,56.0,55.799999,56.0,56.0,300.0
2021-07-14,51.240002,51.240002,50.060001,50.060001,50.060001,400.0
2021-07-15,50.060001,50.060001,50.060001,50.060001,50.060001,100.0
2021-07-16,50.259998,50.275002,50.259998,50.275002,50.275002,200.0
2021-07-19,49.509998,49.509998,47.66,47.66,47.66,200.0
2021-07-20,47.66,47.66,47.66,47.66,47.66,100.0
2021-07-21,47.66,47.66,47.66,47.66,47.66,100.0
2021-07-22,47.66,47.66,47.66,47.66,47.66,100.0
2021-07-23,47.66,47.66,47.66,47.66,47.66,100.0
2021-07-26,49.0,49.0,49.0,49.0,49.0,100.0
2021-07-27,49.0,49.0,49.0,49.0,49.0,100.0
2021-07-28,49.0,49.0,49.0,49.0,49.0,166.66666666666669
2021-07-29,49.0,49.0,49.0,49.0,49.0,233.33333333333334
2021-07-30,47.0,47.0,47.0,47.0,47.0,300.0
2021-08-02,47.0,47.0,47.0,47.0,47.0,250.0
2021-08-03,48.0,48.0,48.0,48.0,48.0,200.0
2021-08-04,43.299999,43.299999,43.299999,43.299999,43.299999,200.0
2021-08-05,44.25,52.919998,42.16,52.919998,52.919998,2700.0
2021-08-06,44.5,44.5,44.5,44.5,44.5,200.0
2021-08-09,44.5,44.5,44.5,44.5,44.5,2000.0
2021-08-10,44.5,44.5,44.5,44.5,44.5,200.0
2021-08-11,42.165001,43.830002,42.165001,43.830002,43.830002,400.0
2021-08-12,43.830002,43.830002,43.830002,43.830002,43.830002,333.3333333333333
2021-08-13,43.830002,43.830002,43.830002,43.830002,43.830002,266.66666666666663
2021-08-16,47.0,47.0,47.0,47.0,47.0,200.0
2021-08-17,47.0,47.0,47.0,47.0,47.0,300.0
2021-08-18,42.834999,42.834999,42.834999,42.834999,42.834999,400.0
2021-08-19,40.099998,40.099998,40.099998,40.099998,40.099998,600.0
2021-08-20,42.478001,42.478001,42.478001,42.478001,42.478001,100.0
2021-08-23,42.529999,42.529999,41.0,41.0,41.0,1000.0
2021-08-24,41.0,41.0,40.950001,40.950001,40.950001,600.0
2021-08-25,40.950001,40.950001,40.950001,40.950001,40.950001,500.0
2021-08-26,42.990002,43.23,42.990002,43.23,43.23,400.0
2021-08-27,43.23,43.23,43.23,43.23,43.23,250.0
2021-08-30,41.349998,41.349998,41.349998,41.349998,41.349998,100.0
2021-08-31,44.279999,44.279999,44.279999,44.279999,44.279999,100.0
2021-09-01,44.279999,44.279999,44.279999,44.279999,44.279999,550.0
2021-09-02,50.0,51.580002,49.044998,51.580002,51.580002,1000.0
2021-09-03,51.580002,51.580002,51.580002,51.580002,51.580002,100.0
2021-09-07,51.580002,51.580002,51.580002,51.580002,51.580002,414.2857142857143
2021-09-08,51.580002,51.580002,51.580002,51.580002,51.580002,728.5714285714286
2021-09-09,51.580002,51.580002,51.580002,51.580002,51.580002,1042.857142857143
2021-09-10,51.580002,51.580002,51.580002,51.580002,51.580002,1357.142857142857
2021-09-13,51.580002,51.580002,51.580002,51.580002,51.580002,1671.4285714285713
2021-09-14,51.580002,51.580002,51.580002,51.580002,51.580002,1985.7142857142858
2021-09-15,48.959999,49.040001,48.959999,49.040001,49.040001,2300.0
2021-09-16,49.785,50.0,49.785,50.0,50.0,1300.0
2021-09-17,50.0,50.0,50.0,50.0,50.0,900.0
2021-09-20,50.0,50.0,50.0,50.0,50.0,500.0
2021-09-21,47.150002,47.150002,47.150002,47.150002,47.150002,100.0
2021-09-22,47.150002,47.150002,47.150002,47.150002,47.150002,200.0
2021-09-23,48.959999,48.970001,48.959999,48.970001,48.970001,300.0
2021-09-24,48.970001,48.970001,48.970001,48.970001,48.970001,300.0
2021-09-27,45.66,45.66,45.66,45.66,45.66,300.0
2021-09-28,45.66,45.66,45.66,45.66,45.66,250.0
2021-09-29,45.66,45.66,45.66,45.66,45.66,200.0
2021-09-30,45.66,45.66,45.66,45.66,45.66,150.0
2021-10-01,45.66,45.66,45.66,45.66,45.66,100.0
2021-10-04,45.66,45.66,45.66,45.66,45.66,100.0
2021-10-05,45.66,45.66,45.66,45.66,45.66,100.0
2021-10-06,45.66,45.66,45.66,45.66,45.66,100.0
2021-10-07,45.66,45.66,45.66,45.66,45.66,100.0
2021-10-08,45.66,45.66,45.66,45.66,45.66,100.0
2021-10-11,45.66,45.66,45.66,45.66,45.66,100.0
2021-10-12,45.66,45.66,45.66,45.66,45.66,100.0
2021-10-13,45.66,45.66,45.66,45.66,45.66,100.0
2021-10-14,45.66,45.66,45.66,45.66,45.66,100.0
2021-10-15,45.66,45.66,45.66,45.66,45.66,100.0
2021-10-18,45.66,45.66,45.66,45.66,45.66,100.0
2021-10-19,48.974998,48.974998,48.974998,48.974998,48.974998,100.0
2021-10-20,47.75,47.75,47.75,47.75,47.75,100.0
2021-10-21,47.75,47.75,47.75,47.75,47.75,150.0
2021-10-22,45.049999,45.049999,45.049999,45.049999,45.049999,200.0
2021-10-25,45.049999,45.049999,45.049999,45.049999,45.049999,150.0
2021-10-26,44.669998,44.669998,44.669998,44.669998,44.669998,100.0
2021-10-27,44.669998,44.669998,44.669998,44.669998,44.669998,575.0
2021-10-28,44.669998,44.669998,44.669998,44.669998,44.669998,1050.0
2021-10-29,44.669998,44.669998,44.669998,44.669998,44.669998,1525.0
2021-11-01,44.669998,44.669998,44.669998,44.669998,44.669998,2000.0
2021-11-02,44.669998,44.669998,44.669998,44.669998,44.669998,1100.0
2021-11-03,44.0,44.0,44.0,44.0,44.0,200.0
2021-11-04,44.0,44.0,44.0,44.0,44.0,250.0
2021-11-05,43.57,44.209999,43.57,44.209999,44.209999,300.0
2021-11-08,44.209999,44.209999,44.209999,44.209999,44.209999,300.0
2021-11-09,44.209999,44.209999,44.209999,44.209999,44.209999,300.0
2021-11-10,44.209999,44.209999,44.209999,44.209999,44.209999,300.0
2021-11-11,44.209999,44.209999,44.209999,44.209999,44.209999,300.0
2021-11-12,46.244999,46.244999,46.244999,46.244999,46.244999,300.0
2021-11-15,46.244999,46.244999,46.244999,46.244999,46.244999,200.0
2021-11-16,44.419998,44.419998,44.419998,44.419998,44.419998,100.0
2021-11-17,44.419998,44.419998,44.419998,44.419998,44.419998,100.0
2021-11-18,44.419998,44.419998,44.419998,44.419998,44.419998,100.0
2021-11-19,44.419998,44.419998,44.419998,44.419998,44.419998,100.0
2021-11-22,45.48,45.48,45.48,45.48,45.48,100.0
2021-11-23,46.389999,46.389999,46.389999,46.389999,46.389999,300.0
2021-11-24,46.389999,46.389999,46.389999,46.389999,46.389999,100.0
2021-11-26,46.389999,46.389999,46.389999,46.389999,46.389999,200.0
2021-11-29,46.389999,46.389999,46.389999,46.389999,46.389999,300.0
2021-11-30,46.389999,46.389999,46.389999,46.389999,46.389999,400.0
2021-12-01,46.389999,46.389999,46.389999,46.389999,46.389999,500.0
2021-12-02,46.389999,46.389999,46.389999,46.389999,46.389999,600.0
2021-12-03,43.68,44.240002,43.68,44.240002,44.240002,700.0
2021-12-06,44.240002,44.240002,44.240002,44.240002,44.240002,400.0
2021-12-07,45.560001,45.560001,45.560001,45.560001,45.560001,100.0
2021-12-08,45.0,45.0,45.0,45.0,45.0,400.0
2021-12-09,45.0,45.0,45.0,45.0,45.0,100.0
2021-12-10,45.0,45.0,45.0,45.0,45.0,150.0
2021-12-13,45.0,45.0,45.0,45.0,45.0,200.0
2021-12-14,45.0,45.0,45.0,45.0,45.0,250.0
2021-12-15,43.5,43.5,43.5,43.5,43.5,300.0
2021-12-16,44.415001,44.415001,44.389999,44.389999,44.389999,400.0
2021-12-17,44.389999,44.389999,44.389999,44.389999,44.389999,2500.0
2021-12-20,46.0,46.200001,46.0,46.200001,46.200001,4600.0
2021-12-21,46.200001,46.200001,46.200001,46.200001,46.200001,2350.0
2021-12-22,46.34,46.34,46.34,46.34,46.34,100.0
2021-12-23,46.34,46.34,46.34,46.34,46.34,433.3333333333333
2021-12-27,46.34,46.34,46.34,46.34,46.34,766.6666666666666
2021-12-28,46.0,46.0,46.0,46.0,46.0,1100.0
2021-12-29,45.349998,45.349998,45.349998,45.349998,45.349998,100.0
2021-12-30,45.799999,48.93,45.799999,48.93,48.93,200.0
2021-12-31,44.950001,44.950001,44.950001,44.950001,44.950001,200.0
2022-01-03,44.950001,44.950001,44.950001,44.950001,44.950001,250.0
2022-01-04,44.950001,44.950001,44.950001,44.950001,44.950001,300.0
2022-01-05,44.950001,44.950001,44.950001,44.950001,44.950001,350.0
2022-01-06,49.049999,50.0,49.049999,50.0,50.0,400.0
2022-01-07,50.0,50.0,50.0,50.0,50.0,360.0
2022-01-10,50.0,50.0,50.0,50.0,50.0,320.0
2022-01-11,50.0,50.0,50.0,50.0,50.0,280.0
2022-01-12,50.0,50.0,50.0,50.0,50.0,240.0
2022-01-13,48.674999,48.674999,48.674999,48.674999,48.674999,200.0
2022-01-14,48.674999,48.674999,48.674999,48.674999,48.674999,200.0
2022-01-18,48.674999,48.674999,48.674999,48.674999,48.674999,200.0
2022-01-19,49.950001,49.950001,49.950001,49.950001,49.950001,200.0
2022-01-20,49.950001,49.950001,49.950001,49.950001,49.950001,666.6666666666667
2022-01-21,49.950001,49.950001,49.950001,49.950001,49.950001,1133.3333333333335
2022-01-24,44.396999,45.0,44.396999,45.0,45.0,1600.0
2022-01-25,45.0,45.0,45.0,45.0,45.0,900.0
2022-01-26,43.168999,43.168999,43.168999,43.168999,43.168999,200.0
2022-01-27,41.0,41.580002,41.0,41.580002,41.580002,500.0
2022-01-28,41.580002,41.580002,41.580002,41.580002,41.580002,3700.0
2022-01-31,41.580002,41.580002,41.580002,41.580002,41.580002,6900.0
2022-02-01,41.580002,41.580002,41.580002,41.580002,41.580002,10100.0
2022-02-02,41.580002,41.580002,41.580002,41.580002,41.580002,13300.0
2022-02-03,44.0,46.0,44.0,46.0,46.0,1300.0
2022-02-04,46.0,46.0,46.0,46.0,46.0,1200.0
2022-02-07,46.0,46.0,46.0,46.0,46.0,1100.0
2022-02-08,46.0,46.0,46.0,46.0,46.0,1000.0
2022-02-09,46.0,46.0,46.0,46.0,46.0,900.0
2022-02-10,46.0,46.0,46.0,46.0,46.0,800.0
2022-02-11,46.0,46.0,46.0,46.0,46.0,700.0
2022-02-14,46.0,46.0,46.0,46.0,46.0,600.0
2022-02-15,46.0,46.0,46.0,46.0,46.0,500.0
2022-02-16,46.0,46.0,46.0,46.0,46.0,400.0
2022-02-17,46.0,46.0,46.0,46.0,46.0,300.0
2022-02-18,41.950001,41.950001,41.950001,41.950001,41.950001,200.0
2022-02-22,41.950001,41.950001,41.950001,41.950001,41.950001,244.44444444444446
2022-02-23,41.950001,41.950001,41.950001,41.950001,41.950001,288.8888888888889
2022-02-24,41.950001,41.950001,41.950001,41.950001,41.950001,333.3333333333333
2022-02-25,41.950001,41.950001,41.950001,41.950001,41.950001,377.77777777777777
2022-02-28,41.950001,41.950001,41.950001,41.950001,41.950001,422.22222222222223
2022-03-01,41.950001,41.950001,41.950001,41.950001,41.950001,466.66666666666663
2022-03-02,41.950001,41.950001,41.950001,41.950001,41.950001,511.1111111111111
2022-03-03,41.950001,41.950001,41.950001,41.950001,41.950001,555.5555555555555
2022-03-04,34.0,38.0,34.0,38.0,38.0,600.0
2022-03-07,38.0,38.0,38.0,38.0,38.0,550.0
2022-03-08,38.0,38.0,38.0,38.0,38.0,500.0
2022-03-09,38.0,38.0,38.0,38.0,38.0,450.0
2022-03-10,36.0,36.0,36.0,36.0,36.0,400.0
2022-03-11,36.0,36.0,36.0,36.0,36.0,300.0
2022-03-14,36.0,36.0,36.0,36.0,36.0,200.0
2022-03-15,37.75,37.75,37.75,37.75,37.75,100.0
2022-03-16,37.75,37.75,37.75,37.75,37.75,100.0
2022-03-17,37.75,37.75,37.75,37.75,37.75,100.0
2022-03-18,37.75,37.75,37.75,37.75,37.75,100.0
2022-03-21,37.75,37.75,37.75,37.75,37.75,100.0
2022-03-22,37.75,37.75,37.75,37.75,37.75,100.0
2022-03-23,37.75,37.75,37.75,37.75,37.75,100.0
2022-03-24,37.75,37.75,37.75,37.75,37.75,100.0
2022-03-25,37.75,37.75,37.75,37.75,37.75,100.0
2022-03-28,37.75,37.75,37.75,37.75,37.75,100.0
2022-03-29,48.5,48.5,48.5,48.5,48.5,200.0
2022-03-30,48.5,48.5,48.5,48.5,48.5,200.0
2022-03-31,48.5,48.5,48.5,48.5,48.5,200.0
2022-04-01,48.5,48.5,48.5,48.5,48.5,200.0
2022-04-04,48.5,48.5,48.5,48.5,48.5,200.0
2022-04-05,48.5,48.5,48.5,48.5,48.5,200.0
2022-04-06,48.5,48.5,48.5,48.5,48.5,200.0
2022-04-07,48.5,48.5,48.5,48.5,48.5,200.0
2022-04-08,48.5,48.5,48.5,48.5,48.5,200.0
2022-04-11,48.5,48.5,48.5,48.5,48.5,200.0
2022-04-12,48.5,48.5,48.5,48.5,48.5,200.0
2022-04-13,48.5,48.5,48.5,48.5,48.5,200.0
2022-04-14,48.5,48.5,48.5,48.5,48.5,200.0
2022-04-18,48.5,48.5,48.5,48.5,48.5,200.0
2022-04-19,37.0,37.0,37.0,37.0,37.0,200.0
2022-04-20,30.959999,30.959999,30.959999,30.959999,30.959999,100.0
2022-04-21,35.0,35.0,35.0,35.0,35.0,200.0
2022-04-22,35.0,35.0,35.0,35.0,35.0,266.6666666666667
2022-04-25,35.0,35.0,35.0,35.0,35.0,333.33333333333337
2022-04-26,30.719999,30.719999,30.719999,30.719999,30.719999,400.0
2022-04-27,30.719999,30.719999,30.719999,30.719999,30.719999,387.5
2022-04-28,30.719999,30.719999,30.719999,30.719999,30.719999,375.0
2022-04-29,30.719999,30.719999,30.719999,30.719999,30.719999,362.5
2022-05-02,30.719999,30.719999,30.719999,30.719999,30.719999,350.0
2022-05-03,30.719999,30.719999,30.719999,30.719999,30.719999,337.5
2022-05-04,30.719999,30.719999,30.719999,30.719999,30.719999,325.0
2022-05-05,30.719999,30.719999,30.719999,30.719999,30.719999,312.5
2022-05-06,27.5,27.5,27.5,27.5,27.5,300.0
2022-05-09,27.5,27.5,27.5,27.5,27.5,3000.0
2022-05-10,26.438999,26.438999,26.434,26.434,26.434,5700.0
2022-05-11,26.434,26.434,26.434,26.434,26.434,4133.333333333333
2022-05-12,26.434,26.434,26.434,26.434,26.434,2566.6666666666665
2022-05-13,25.424999,25.424999,25.424999,25.424999,25.424999,1000.0
2022-05-16,25.424999,25.424999,25.424999,25.424999,25.424999,600.0
2022-05-17,26.700001,26.700001,26.700001,26.700001,26.700001,200.0
2022-05-18,26.700001,26.700001,26.700001,26.700001,26.700001,220.0
2022-05-19,26.700001,26.700001,26.700001,26.700001,26.700001,240.0
2022-05-20,26.700001,26.700001,26.700001,26.700001,26.700001,260.0
2022-05-23,26.700001,26.700001,26.700001,26.700001,26.700001,280.0
2022-05-24,26.700001,26.700001,26.700001,26.700001,26.700001,300.0
2022-05-25,26.700001,26.700001,26.700001,26.700001,26.700001,300.0
2022-05-26,26.700001,26.700001,26.700001,26.700001,26.700001,300.0
2022-05-27,26.700001,26.700001,26.700001,26.700001,26.700001,300.0
2022-05-31,26.700001,26.700001,26.700001,26.700001,26.700001,300.0
2022-06-01,26.700001,26.700001,26.700001,26.700001,26.700001,300.0
2022-06-02,26.700001,26.700001,26.700001,26.700001,26.700001,300.0
